title,year,month,category,unit_cost,beginning_inventory,ending_inventory,annual_usage_value,monthly_usage,annual_usage,stock_turnover_rate,stock_variability,cluster,ABC_category
Antiseptic Solution,2022,2022-01,Consumable,455.43245869776484,958,2474,45917611.35082605,8401.833333333334,100822,4.8961732711732715,0.5043531890557599,0,C
Antiseptic Solution,2022,2022-02,Consumable,455.43245869776484,2762,2992,45917611.35082605,8401.833333333334,100822,2.9203452670605956,0.5043531890557599,0,C
Antiseptic Solution,2022,2022-03,Consumable,455.43245869776484,2227,1903,45917611.35082605,8401.833333333334,100822,4.068684422921711,0.5043531890557599,0,C
Antiseptic Solution,2022,2022-04,Consumable,455.43245869776484,2246,2570,45917611.35082605,8401.833333333334,100822,3.489133444075305,0.5043531890557599,0,C
Antiseptic Solution,2022,2022-05,Consumable,455.43245869776484,2524,562,45917611.35082605,8401.833333333334,100822,5.445128537481098,0.5043531890557599,0,C
Antiseptic Solution,2022,2022-06,Consumable,455.43245869776484,1975,1394,45917611.35082605,8401.833333333334,100822,4.987731275353716,0.5043531890557599,0,C
Antiseptic Solution,2022,2022-07,Consumable,455.43245869776484,1277,532,45917611.35082605,8401.833333333334,100822,9.28892574166206,0.5043531890557599,0,C
Antiseptic Solution,2022,2022-08,Consumable,455.43245869776484,1835,2490,45917611.35082605,8401.833333333334,100822,3.8852408477842006,0.5043531890557599,0,C
Antiseptic Solution,2022,2022-09,Consumable,455.43245869776484,1336,1293,45917611.35082605,8401.833333333334,100822,6.3916571573475345,0.5043531890557599,0,C
Antiseptic Solution,2022,2022-10,Consumable,455.43245869776484,2439,2391,45917611.35082605,8401.833333333334,100822,3.479020013802623,0.5043531890557599,0,C
Antiseptic Solution,2022,2022-11,Consumable,455.43245869776484,1011,2460,45917611.35082605,8401.833333333334,100822,4.8411600883511,0.5043531890557599,0,C
Antiseptic Solution,2022,2022-12,Consumable,455.43245869776484,723,2075,45917611.35082605,8401.833333333334,100822,6.005599237550632,0.5043531890557599,0,C
Antiseptic Solution,2023,2023-01,Consumable,455.43245869776484,764,1399,48976751.17589893,8961.583333333334,107539,8.28625366004007,0.5043531890557599,0,C
Antiseptic Solution,2023,2023-02,Consumable,455.43245869776484,2820,1902,48976751.17589893,8961.583333333334,107539,3.7956727375405905,0.5043531890557599,0,C
Antiseptic Solution,2023,2023-03,Consumable,455.43245869776484,2501,1589,48976751.17589893,8961.583333333334,107539,4.382192339038305,0.5043531890557599,0,C
Antiseptic Solution,2023,2023-04,Consumable,455.43245869776484,2488,2467,48976751.17589893,8961.583333333334,107539,3.6171880255634044,0.5043531890557599,0,C
Antiseptic Solution,2023,2023-05,Consumable,455.43245869776484,1303,886,48976751.17589893,8961.583333333334,107539,8.187833104918532,0.5043531890557599,0,C
Antiseptic Solution,2023,2023-06,Consumable,455.43245869776484,995,2059,48976751.17589893,8961.583333333334,107539,5.868751364330932,0.5043531890557599,0,C
Antiseptic Solution,2023,2023-07,Consumable,455.43245869776484,1119,1324,48976751.17589893,8961.583333333334,107539,7.336539773502524,0.5043531890557599,0,C
Antiseptic Solution,2023,2023-08,Consumable,455.43245869776484,2355,2213,48976751.17589893,8961.583333333334,107539,3.923635434909516,0.5043531890557599,0,C
Antiseptic Solution,2023,2023-09,Consumable,455.43245869776484,1996,1280,48976751.17589893,8961.583333333334,107539,5.471052096052096,0.5043531890557599,0,C
Antiseptic Solution,2023,2023-10,Consumable,455.43245869776484,1247,1962,48976751.17589893,8961.583333333334,107539,5.585280980575465,0.5043531890557599,0,C
Antiseptic Solution,2023,2023-11,Consumable,455.43245869776484,1156,1171,48976751.17589893,8961.583333333334,107539,7.702263286062169,0.5043531890557599,0,C
Antiseptic Solution,2023,2023-12,Consumable,455.43245869776484,1719,2364,48976751.17589893,8961.583333333334,107539,4.389705282063842,0.5043531890557599,0,C
Antiseptic Solution,2024,2024-01,Consumable,455.43245869776484,2723,1429,47007916.6569485,8601.333333333334,103216,4.143224149004496,0.5043531890557599,0,C
Antiseptic Solution,2024,2024-02,Consumable,455.43245869776484,2172,2970,47007916.6569485,8601.333333333334,103216,3.34552054972125,0.5043531890557599,0,C
Antiseptic Solution,2024,2024-03,Consumable,455.43245869776484,1053,652,47007916.6569485,8601.333333333334,103216,10.089540566959922,0.5043531890557599,0,C
Antiseptic Solution,2024,2024-04,Consumable,455.43245869776484,1643,792,47007916.6569485,8601.333333333334,103216,7.064750171115675,0.5043531890557599,0,C
Antiseptic Solution,2024,2024-05,Consumable,455.43245869776484,828,2595,47007916.6569485,8601.333333333334,103216,5.025611062420879,0.5043531890557599,0,C
Antiseptic Solution,2024,2024-06,Consumable,455.43245869776484,2758,798,47007916.6569485,8601.333333333334,103216,4.837645294338208,0.5043531890557599,0,C
Antiseptic Solution,2024,2024-07,Consumable,455.43245869776484,2586,1655,47007916.6569485,8601.333333333334,103216,4.056276035526213,0.5043531890557599,0,C
Antiseptic Solution,2024,2024-08,Consumable,455.43245869776484,1193,994,47007916.6569485,8601.333333333334,103216,7.865874104557233,0.5043531890557599,0,C
Antiseptic Solution,2024,2024-09,Consumable,455.43245869776484,1213,2466,47007916.6569485,8601.333333333334,103216,4.675908308417143,0.5043531890557599,0,C
Antiseptic Solution,2024,2024-10,Consumable,455.43245869776484,890,2557,47007916.6569485,8601.333333333334,103216,4.990619862682526,0.5043531890557599,0,C
Antiseptic Solution,2024,2024-11,Consumable,455.43245869776484,1317,1254,47007916.6569485,8601.333333333334,103216,6.6910410994425,0.5043531890557599,0,C
Antiseptic Solution,2024,2024-12,Consumable,455.43245869776484,2629,1107,47007916.6569485,8601.333333333334,103216,4.604568165596003,0.5043531890557599,0,C
Bandages,2022,2022-01,Consumable,30.198284080076263,2603,2574,9952267.294566253,27463.666666666668,329564,10.609877020153242,0.5043531890557599,0,C
Bandages,2022,2022-02,Consumable,30.198284080076263,3306,6000,9952267.294566253,27463.666666666668,329564,5.902356902356902,0.5043531890557599,0,C
Bandages,2022,2022-03,Consumable,30.198284080076263,2367,2982,9952267.294566253,27463.666666666668,329564,10.268710662429115,0.5043531890557599,0,C
Bandages,2022,2022-04,Consumable,30.198284080076263,5065,3742,9952267.294566253,27463.666666666668,329564,6.236781348170017,0.5043531890557599,0,C
Bandages,2022,2022-05,Consumable,30.198284080076263,4782,1701,9952267.294566253,27463.666666666668,329564,8.472517867242532,0.5043531890557599,0,C
Bandages,2022,2022-06,Consumable,30.198284080076263,1666,4017,9952267.294566253,27463.666666666668,329564,9.665200305003227,0.5043531890557599,0,C
Bandages,2022,2022-07,Consumable,30.198284080076263,4061,3012,9952267.294566253,27463.666666666668,329564,7.76577595551157,0.5043531890557599,0,C
Bandages,2022,2022-08,Consumable,30.198284080076263,3295,2405,9952267.294566253,27463.666666666668,329564,9.636374269005849,0.5043531890557599,0,C
Bandages,2022,2022-09,Consumable,30.198284080076263,2666,1084,9952267.294566253,27463.666666666668,329564,14.64728888888889,0.5043531890557599,0,C
Bandages,2022,2022-10,Consumable,30.198284080076263,4693,3502,9952267.294566253,27463.666666666668,329564,6.702542200528778,0.5043531890557599,0,C
Bandages,2022,2022-11,Consumable,30.198284080076263,3280,5726,9952267.294566253,27463.666666666668,329564,6.098971056332815,0.5043531890557599,0,C
Bandages,2022,2022-12,Consumable,30.198284080076263,4965,6000,9952267.294566253,27463.666666666668,329564,5.009332725338197,0.5043531890557599,0,C
Bandages,2023,2023-01,Consumable,30.198284080076263,1860,5078,9167474.287893232,25298.0,303576,7.29259152493514,0.5043531890557599,0,C
Bandages,2023,2023-02,Consumable,30.198284080076263,1924,2625,9167474.287893232,25298.0,303576,11.12244449329523,0.5043531890557599,0,C
Bandages,2023,2023-03,Consumable,30.198284080076263,4240,4137,9167474.287893232,25298.0,303576,6.039871075564045,0.5043531890557599,0,C
Bandages,2023,2023-04,Consumable,30.198284080076263,1873,1921,9167474.287893232,25298.0,303576,13.335793357933579,0.5043531890557599,0,C
Bandages,2023,2023-05,Consumable,30.198284080076263,3347,4159,9167474.287893232,25298.0,303576,6.7407407407407405,0.5043531890557599,0,C
Bandages,2023,2023-06,Consumable,30.198284080076263,2645,5471,9167474.287893232,25298.0,303576,6.2341054706752095,0.5043531890557599,0,C
Bandages,2023,2023-07,Consumable,30.198284080076263,4856,5287,9167474.287893232,25298.0,303576,4.988267770876466,0.5043531890557599,0,C
Bandages,2023,2023-08,Consumable,30.198284080076263,3019,2868,9167474.287893232,25298.0,303576,8.594530321046374,0.5043531890557599,0,C
Bandages,2023,2023-09,Consumable,30.198284080076263,5377,5398,9167474.287893232,25298.0,303576,4.69568445475638,0.5043531890557599,0,C
Bandages,2023,2023-10,Consumable,30.198284080076263,1573,2842,9167474.287893232,25298.0,303576,11.460022650056626,0.5043531890557599,0,C
Bandages,2023,2023-11,Consumable,30.198284080076263,5770,1736,9167474.287893232,25298.0,303576,6.7407407407407405,0.5043531890557599,0,C
Bandages,2023,2023-12,Consumable,30.198284080076263,1484,4135,9167474.287893232,25298.0,303576,9.004449190247374,0.5043531890557599,0,C
Bandages,2024,2024-01,Consumable,30.198284080076263,5621,2727,9686039.2221163,26729.0,320748,6.4036895064686155,0.5043531890557599,0,C
Bandages,2024,2024-02,Consumable,30.198284080076263,5208,5322,9686039.2221163,26729.0,320748,5.07673314339981,0.5043531890557599,0,C
Bandages,2024,2024-03,Consumable,30.198284080076263,5514,6000,9686039.2221163,26729.0,320748,4.642869550112906,0.5043531890557599,0,C
Bandages,2024,2024-04,Consumable,30.198284080076263,3935,3491,9686039.2221163,26729.0,320748,7.198761109614867,0.5043531890557599,0,C
Bandages,2024,2024-05,Consumable,30.198284080076263,5033,5105,9686039.2221163,26729.0,320748,5.273032156243835,0.5043531890557599,0,C
Bandages,2024,2024-06,Consumable,30.198284080076263,2959,4158,9686039.2221163,26729.0,320748,7.511310945623156,0.5043531890557599,0,C
Bandages,2024,2024-07,Consumable,30.198284080076263,3708,5490,9686039.2221163,26729.0,320748,5.811915633833442,0.5043531890557599,0,C
Bandages,2024,2024-08,Consumable,30.198284080076263,4683,4462,9686039.2221163,26729.0,320748,5.845598687807545,0.5043531890557599,0,C
Bandages,2024,2024-09,Consumable,30.198284080076263,1346,3479,9686039.2221163,26729.0,320748,11.079378238341969,0.5043531890557599,0,C
Bandages,2024,2024-10,Consumable,30.198284080076263,3674,3914,9686039.2221163,26729.0,320748,7.045071164997364,0.5043531890557599,0,C
Bandages,2024,2024-11,Consumable,30.198284080076263,1559,3970,9686039.2221163,26729.0,320748,9.668656176523784,0.5043531890557599,0,C
Bandages,2024,2024-12,Consumable,30.198284080076263,3894,3405,9686039.2221163,26729.0,320748,7.324016988628579,0.5043531890557599,0,C
Blood Bags,2022,2022-01,Consumable,953.0783190066858,1294,1191,28988830.150907356,2534.6666666666665,30416,2.0399731723675383,0.5043531890557599,0,C
Blood Bags,2022,2022-02,Consumable,953.0783190066858,959,1472,28988830.150907356,2534.6666666666665,30416,2.0852872617578497,0.5043531890557599,0,C
Blood Bags,2022,2022-03,Consumable,953.0783190066858,934,564,28988830.150907356,2534.6666666666665,30416,3.3840676457498886,0.5043531890557599,0,C
Blood Bags,2022,2022-04,Consumable,953.0783190066858,484,1500,28988830.150907356,2534.6666666666665,30416,2.5551075268817205,0.5043531890557599,0,C
Blood Bags,2022,2022-05,Consumable,953.0783190066858,1242,630,28988830.150907356,2534.6666666666665,30416,2.707977207977208,0.5043531890557599,0,C
Blood Bags,2022,2022-06,Consumable,953.0783190066858,1500,859,28988830.150907356,2534.6666666666665,30416,2.148933163769959,0.5043531890557599,0,C
Blood Bags,2022,2022-07,Consumable,953.0783190066858,596,518,28988830.150907356,2534.6666666666665,30416,4.550568521843207,0.5043531890557599,0,C
Blood Bags,2022,2022-08,Consumable,953.0783190066858,402,302,28988830.150907356,2534.6666666666665,30416,7.200757575757575,0.5043531890557599,0,C
Blood Bags,2022,2022-09,Consumable,953.0783190066858,887,300,28988830.150907356,2534.6666666666665,30416,4.2707104745857905,0.5043531890557599,0,C
Blood Bags,2022,2022-10,Consumable,953.0783190066858,562,1185,28988830.150907356,2534.6666666666665,30416,2.9017363098645297,0.5043531890557599,0,C
Blood Bags,2022,2022-11,Consumable,953.0783190066858,1066,439,28988830.150907356,2534.6666666666665,30416,3.3683277962347726,0.5043531890557599,0,C
Blood Bags,2022,2022-12,Consumable,953.0783190066858,611,476,28988830.150907356,2534.6666666666665,30416,4.66360012266176,0.5043531890557599,0,C
Blood Bags,2023,2023-01,Consumable,953.0783190066858,977,406,27632599.70296084,2416.0833333333335,28993,3.493974451675103,0.5043531890557599,0,C
Blood Bags,2023,2023-02,Consumable,953.0783190066858,462,590,27632599.70296084,2416.0833333333335,28993,4.593314321926489,0.5043531890557599,0,C
Blood Bags,2023,2023-03,Consumable,953.0783190066858,543,1488,27632599.70296084,2416.0833333333335,28993,2.3792056458230757,0.5043531890557599,0,C
Blood Bags,2023,2023-04,Consumable,953.0783190066858,1116,1153,27632599.70296084,2416.0833333333335,28993,2.1296459526957543,0.5043531890557599,0,C
Blood Bags,2023,2023-05,Consumable,953.0783190066858,998,313,27632599.70296084,2416.0833333333335,28993,3.685863208746504,0.5043531890557599,0,C
Blood Bags,2023,2023-06,Consumable,953.0783190066858,1075,733,27632599.70296084,2416.0833333333335,28993,2.6726585545722714,0.5043531890557599,0,C
Blood Bags,2023,2023-07,Consumable,953.0783190066858,1237,538,27632599.70296084,2416.0833333333335,28993,2.7223474178403757,0.5043531890557599,0,C
Blood Bags,2023,2023-08,Consumable,953.0783190066858,687,1302,27632599.70296084,2416.0833333333335,28993,2.429445282386459,0.5043531890557599,0,C
Blood Bags,2023,2023-09,Consumable,953.0783190066858,362,336,27632599.70296084,2416.0833333333335,28993,6.92287488061127,0.5043531890557599,0,C
Blood Bags,2023,2023-10,Consumable,953.0783190066858,1095,1070,27632599.70296084,2416.0833333333335,28993,2.2319476520400308,0.5043531890557599,0,C
Blood Bags,2023,2023-11,Consumable,953.0783190066858,1382,1197,27632599.70296084,2416.0833333333335,28993,1.8736590409719531,0.5043531890557599,0,C
Blood Bags,2023,2023-12,Consumable,953.0783190066858,616,334,27632599.70296084,2416.0833333333335,28993,5.086491228070176,0.5043531890557599,0,C
Blood Bags,2024,2024-01,Consumable,953.0783190066858,1368,361,28174901.266475644,2463.5,29562,2.8496240601503757,0.5043531890557599,0,C
Blood Bags,2024,2024-02,Consumable,953.0783190066858,1191,871,28174901.266475644,2463.5,29562,2.389427740058196,0.5043531890557599,0,C
Blood Bags,2024,2024-03,Consumable,953.0783190066858,1325,1500,28174901.266475644,2463.5,29562,1.744070796460177,0.5043531890557599,0,C
Blood Bags,2024,2024-04,Consumable,953.0783190066858,1186,650,28174901.266475644,2463.5,29562,2.6835511982570806,0.5043531890557599,0,C
Blood Bags,2024,2024-05,Consumable,953.0783190066858,1201,1291,28174901.266475644,2463.5,29562,1.9771268057784912,0.5043531890557599,0,C
Blood Bags,2024,2024-06,Consumable,953.0783190066858,1500,788,28174901.266475644,2463.5,29562,2.153409090909091,0.5043531890557599,0,C
Blood Bags,2024,2024-07,Consumable,953.0783190066858,1163,1406,28174901.266475644,2463.5,29562,1.9178668742701441,0.5043531890557599,0,C
Blood Bags,2024,2024-08,Consumable,953.0783190066858,837,1133,28174901.266475644,2463.5,29562,2.501015228426396,0.5043531890557599,0,C
Blood Bags,2024,2024-09,Consumable,953.0783190066858,548,496,28174901.266475644,2463.5,29562,4.719348659003831,0.5043531890557599,0,C
Blood Bags,2024,2024-10,Consumable,953.0783190066858,587,1128,28174901.266475644,2463.5,29562,2.8728862973760934,0.5043531890557599,0,C
Blood Bags,2024,2024-11,Consumable,953.0783190066858,395,1254,28174901.266475644,2463.5,29562,2.9878714372346877,0.5043531890557599,0,C
Blood Bags,2024,2024-12,Consumable,953.0783190066858,333,1315,28174901.266475644,2463.5,29562,2.9896844660194173,0.5043531890557599,0,C
Cotton Rolls,2022,2022-01,Consumable,100.66859903381642,1148,581,6013338.09468599,4977.833333333333,59734,5.758048968575284,0.5043531890557599,0,C
Cotton Rolls,2022,2022-02,Consumable,100.66859903381642,1284,1895,6013338.09468599,4977.833333333333,59734,3.1316975988256264,0.5043531890557599,0,C
Cotton Rolls,2022,2022-03,Consumable,100.66859903381642,1351,479,6013338.09468599,4977.833333333333,59734,5.440255009107468,0.5043531890557599,0,C
Cotton Rolls,2022,2022-04,Consumable,100.66859903381642,1579,1965,6013338.09468599,4977.833333333333,59734,2.809161023325809,0.5043531890557599,0,C
Cotton Rolls,2022,2022-05,Consumable,100.66859903381642,667,1582,6013338.09468599,4977.833333333333,59734,4.426708166592559,0.5043531890557599,0,C
Cotton Rolls,2022,2022-06,Consumable,100.66859903381642,1594,1408,6013338.09468599,4977.833333333333,59734,3.3163446591161447,0.5043531890557599,0,C
Cotton Rolls,2022,2022-07,Consumable,100.66859903381642,572,1409,6013338.09468599,4977.833333333333,59734,5.025576308261821,0.5043531890557599,0,C
Cotton Rolls,2022,2022-08,Consumable,100.66859903381642,1385,417,6013338.09468599,4977.833333333333,59734,5.524787273399926,0.5043531890557599,0,C
Cotton Rolls,2022,2022-09,Consumable,100.66859903381642,1297,694,6013338.09468599,4977.833333333333,59734,5.000334840113846,0.5043531890557599,0,C
Cotton Rolls,2022,2022-10,Consumable,100.66859903381642,1372,543,6013338.09468599,4977.833333333333,59734,5.1987815491731935,0.5043531890557599,0,C
Cotton Rolls,2022,2022-11,Consumable,100.66859903381642,824,1447,6013338.09468599,4977.833333333333,59734,4.38382504036401,0.5043531890557599,0,C
Cotton Rolls,2022,2022-12,Consumable,100.66859903381642,1171,1338,6013338.09468599,4977.833333333333,59734,3.9679819317125014,0.5043531890557599,0,C
Cotton Rolls,2023,2023-01,Consumable,100.66859903381642,1497,542,6167361.05120773,5105.333333333333,61264,5.007683504986104,0.5043531890557599,0,C
Cotton Rolls,2023,2023-02,Consumable,100.66859903381642,1296,934,6167361.05120773,5105.333333333333,61264,4.578774289985052,0.5043531890557599,0,C
Cotton Rolls,2023,2023-03,Consumable,100.66859903381642,618,1564,6167361.05120773,5105.333333333333,61264,4.679498930644669,0.5043531890557599,0,C
Cotton Rolls,2023,2023-04,Consumable,100.66859903381642,951,1555,6167361.05120773,5105.333333333333,61264,4.0744878957169455,0.5043531890557599,0,C
Cotton Rolls,2023,2023-05,Consumable,100.66859903381642,1667,1983,6167361.05120773,5105.333333333333,61264,2.797442922374429,0.5043531890557599,0,C
Cotton Rolls,2023,2023-06,Consumable,100.66859903381642,1214,1449,6167361.05120773,5105.333333333333,61264,3.8342721241707345,0.5043531890557599,0,C
Cotton Rolls,2023,2023-07,Consumable,100.66859903381642,1501,356,6167361.05120773,5105.333333333333,61264,5.498474241608329,0.5043531890557599,0,C
Cotton Rolls,2023,2023-08,Consumable,100.66859903381642,1405,912,6167361.05120773,5105.333333333333,61264,4.406847935548842,0.5043531890557599,0,C
Cotton Rolls,2023,2023-09,Consumable,100.66859903381642,1601,459,6167361.05120773,5105.333333333333,61264,4.956634304207119,0.5043531890557599,0,C
Cotton Rolls,2023,2023-10,Consumable,100.66859903381642,1733,442,6167361.05120773,5105.333333333333,61264,4.69455938697318,0.5043531890557599,0,C
Cotton Rolls,2023,2023-11,Consumable,100.66859903381642,957,665,6167361.05120773,5105.333333333333,61264,6.295108919030004,0.5043531890557599,0,C
Cotton Rolls,2023,2023-12,Consumable,100.66859903381642,950,303,6167361.05120773,5105.333333333333,61264,8.148975791433891,0.5043531890557599,0,C
Cotton Rolls,2024,2024-01,Consumable,100.66859903381642,1340,1930,6010519.373913043,4975.5,59706,3.043119266055046,0.5043531890557599,0,C
Cotton Rolls,2024,2024-02,Consumable,100.66859903381642,1916,1201,6010519.373913043,4975.5,59706,3.192492781520693,0.5043531890557599,0,C
Cotton Rolls,2024,2024-03,Consumable,100.66859903381642,470,738,6010519.373913043,4975.5,59706,8.237582781456954,0.5043531890557599,0,C
Cotton Rolls,2024,2024-04,Consumable,100.66859903381642,331,1477,6010519.373913043,4975.5,59706,5.503871681415929,0.5043531890557599,0,C
Cotton Rolls,2024,2024-05,Consumable,100.66859903381642,367,491,6010519.373913043,4975.5,59706,11.597902097902098,0.5043531890557599,0,C
Cotton Rolls,2024,2024-06,Consumable,100.66859903381642,850,1068,6010519.373913043,4975.5,59706,5.188216892596454,0.5043531890557599,0,C
Cotton Rolls,2024,2024-07,Consumable,100.66859903381642,1896,875,6010519.373913043,4975.5,59706,3.5911223385059547,0.5043531890557599,0,C
Cotton Rolls,2024,2024-08,Consumable,100.66859903381642,1843,631,6010519.373913043,4975.5,59706,4.022231204527082,0.5043531890557599,0,C
Cotton Rolls,2024,2024-09,Consumable,100.66859903381642,1871,1168,6010519.373913043,4975.5,59706,3.274432379072063,0.5043531890557599,0,C
Cotton Rolls,2024,2024-10,Consumable,100.66859903381642,334,733,6010519.373913043,4975.5,59706,9.326148078725398,0.5043531890557599,0,C
Cotton Rolls,2024,2024-11,Consumable,100.66859903381642,1191,1693,6010519.373913043,4975.5,59706,3.4504160887656035,0.5043531890557599,0,C
Cotton Rolls,2024,2024-12,Consumable,100.66859903381642,1240,1201,6010519.373913043,4975.5,59706,4.076607947562475,0.5043531890557599,0,C
Face Shield,2022,2022-01,Consumable,84.62317429406038,671,1966,13054478.605647517,12855.5,154266,9.750094804702313,0.5043531890557599,0,C
Face Shield,2022,2022-02,Consumable,84.62317429406038,992,1266,13054478.605647517,12855.5,154266,11.386625332152347,0.5043531890557599,0,C
Face Shield,2022,2022-03,Consumable,84.62317429406038,4000,3358,13054478.605647517,12855.5,154266,3.494291927154118,0.5043531890557599,0,C
Face Shield,2022,2022-04,Consumable,84.62317429406038,2974,3766,13054478.605647517,12855.5,154266,3.8146884272997035,0.5043531890557599,0,C
Face Shield,2022,2022-05,Consumable,84.62317429406038,3478,2257,13054478.605647517,12855.5,154266,4.483173496076722,0.5043531890557599,0,C
Face Shield,2022,2022-06,Consumable,84.62317429406038,1809,1684,13054478.605647517,12855.5,154266,7.3607214428857715,0.5043531890557599,0,C
Face Shield,2022,2022-07,Consumable,84.62317429406038,1066,2310,13054478.605647517,12855.5,154266,7.615817535545023,0.5043531890557599,0,C
Face Shield,2022,2022-08,Consumable,84.62317429406038,2546,2772,13054478.605647517,12855.5,154266,4.834712297856337,0.5043531890557599,0,C
Face Shield,2022,2022-09,Consumable,84.62317429406038,3721,2788,13054478.605647517,12855.5,154266,3.9500691350437855,0.5043531890557599,0,C
Face Shield,2022,2022-10,Consumable,84.62317429406038,1792,947,13054478.605647517,12855.5,154266,9.387002555677254,0.5043531890557599,0,C
Face Shield,2022,2022-11,Consumable,84.62317429406038,3008,1241,13054478.605647517,12855.5,154266,6.051070840197694,0.5043531890557599,0,C
Face Shield,2022,2022-12,Consumable,84.62317429406038,2769,1585,13054478.605647517,12855.5,154266,5.905144694533762,0.5043531890557599,0,C
Face Shield,2023,2023-01,Consumable,84.62317429406038,2679,1108,13249027.283349562,13047.083333333334,156565,6.890458586392043,0.5043531890557599,0,C
Face Shield,2023,2023-02,Consumable,84.62317429406038,1808,2376,13249027.283349562,13047.083333333334,156565,6.236655513065648,0.5043531890557599,0,C
Face Shield,2023,2023-03,Consumable,84.62317429406038,883,1782,13249027.283349562,13047.083333333334,156565,9.791432145090683,0.5043531890557599,0,C
Face Shield,2023,2023-04,Consumable,84.62317429406038,2726,689,13249027.283349562,13047.083333333334,156565,7.641044411908248,0.5043531890557599,0,C
Face Shield,2023,2023-05,Consumable,84.62317429406038,1453,1013,13249027.283349562,13047.083333333334,156565,10.581576101649095,0.5043531890557599,0,C
Face Shield,2023,2023-06,Consumable,84.62317429406038,3796,503,13249027.283349562,13047.083333333334,156565,6.069822439326976,0.5043531890557599,0,C
Face Shield,2023,2023-07,Consumable,84.62317429406038,1383,3170,13249027.283349562,13047.083333333334,156565,5.731202869902629,0.5043531890557599,0,C
Face Shield,2023,2023-08,Consumable,84.62317429406038,2054,1911,13249027.283349562,13047.083333333334,156565,6.581126523749475,0.5043531890557599,0,C
Face Shield,2023,2023-09,Consumable,84.62317429406038,1595,2281,13249027.283349562,13047.083333333334,156565,6.732241142070864,0.5043531890557599,0,C
Face Shield,2023,2023-10,Consumable,84.62317429406038,987,2957,13249027.283349562,13047.083333333334,156565,6.616168018931711,0.5043531890557599,0,C
Face Shield,2023,2023-11,Consumable,84.62317429406038,1765,1385,13249027.283349562,13047.083333333334,156565,8.283862433862435,0.5043531890557599,0,C
Face Shield,2023,2023-12,Consumable,84.62317429406038,1947,2723,13249027.283349562,13047.083333333334,156565,5.587615988579587,0.5043531890557599,0,C
Face Shield,2024,2024-01,Consumable,84.62317429406038,1716,1219,12986610.81986368,12788.666666666666,153464,8.714593980692788,0.5043531890557599,0,C
Face Shield,2024,2024-02,Consumable,84.62317429406038,2641,2269,12986610.81986368,12788.666666666666,153464,5.209232858112695,0.5043531890557599,0,C
Face Shield,2024,2024-03,Consumable,84.62317429406038,2171,3091,12986610.81986368,12788.666666666666,153464,4.860762701127581,0.5043531890557599,0,C
Face Shield,2024,2024-04,Consumable,84.62317429406038,3034,3848,12986610.81986368,12788.666666666666,153464,3.7165552649423614,0.5043531890557599,0,C
Face Shield,2024,2024-05,Consumable,84.62317429406038,3081,911,12986610.81986368,12788.666666666666,153464,6.407147628590514,0.5043531890557599,0,C
Face Shield,2024,2024-06,Consumable,84.62317429406038,3984,769,12986610.81986368,12788.666666666666,153464,5.381303036678589,0.5043531890557599,0,C
Face Shield,2024,2024-07,Consumable,84.62317429406038,3395,1593,12986610.81986368,12788.666666666666,153464,5.127773322641005,0.5043531890557599,0,C
Face Shield,2024,2024-08,Consumable,84.62317429406038,3242,1345,12986610.81986368,12788.666666666666,153464,5.5760482523072445,0.5043531890557599,0,C
Face Shield,2024,2024-09,Consumable,84.62317429406038,2179,2002,12986610.81986368,12788.666666666666,153464,6.117515745834329,0.5043531890557599,0,C
Face Shield,2024,2024-10,Consumable,84.62317429406038,3389,1053,12986610.81986368,12788.666666666666,153464,5.758066936815248,0.5043531890557599,0,C
Face Shield,2024,2024-11,Consumable,84.62317429406038,3556,1642,12986610.81986368,12788.666666666666,153464,4.920610491214569,0.5043531890557599,0,C
Face Shield,2024,2024-12,Consumable,84.62317429406038,1719,932,12986610.81986368,12788.666666666666,153464,9.648183075568967,0.5043531890557599,0,C
Gloves,2022,2022-01,Consumable,9.842870999030067,3992,4515,2007246.8399612026,16994.083333333332,203929,3.995317581599467,0.5043531890557599,0,C
Gloves,2022,2022-02,Consumable,9.842870999030067,4579,3543,2007246.8399612026,16994.083333333332,203929,4.184704095871296,0.5043531890557599,0,C
Gloves,2022,2022-03,Consumable,9.842870999030067,3551,1939,2007246.8399612026,16994.083333333332,203929,6.190922890103217,0.5043531890557599,0,C
Gloves,2022,2022-04,Consumable,9.842870999030067,1150,1787,2007246.8399612026,16994.083333333332,203929,11.572409488139824,0.5043531890557599,0,C
Gloves,2022,2022-05,Consumable,9.842870999030067,1796,3609,2007246.8399612026,16994.083333333332,203929,6.288282454517422,0.5043531890557599,0,C
Gloves,2022,2022-06,Consumable,9.842870999030067,4101,3486,2007246.8399612026,16994.083333333332,203929,4.479789991652387,0.5043531890557599,0,C
Gloves,2022,2022-07,Consumable,9.842870999030067,3877,2490,2007246.8399612026,16994.083333333332,203929,5.338176011727135,0.5043531890557599,0,C
Gloves,2022,2022-08,Consumable,9.842870999030067,3334,2581,2007246.8399612026,16994.083333333332,203929,5.746097492251338,0.5043531890557599,0,C
Gloves,2022,2022-09,Consumable,9.842870999030067,2928,3276,2007246.8399612026,16994.083333333332,203929,5.4784278959810875,0.5043531890557599,0,C
Gloves,2022,2022-10,Consumable,9.842870999030067,1378,2748,2007246.8399612026,16994.083333333332,203929,8.237558571659395,0.5043531890557599,0,C
Gloves,2022,2022-11,Consumable,9.842870999030067,1986,4273,2007246.8399612026,16994.083333333332,203929,5.4302870533099,0.5043531890557599,0,C
Gloves,2022,2022-12,Consumable,9.842870999030067,1467,3536,2007246.8399612026,16994.083333333332,203929,6.793557199013924,0.5043531890557599,0,C
Gloves,2023,2023-01,Consumable,9.842870999030067,1803,4049,2064394.548981571,17477.916666666668,209735,5.97331396673502,0.5043531890557599,0,C
Gloves,2023,2023-02,Consumable,9.842870999030067,2810,5000,2064394.548981571,17477.916666666668,209735,4.475778915919761,0.5043531890557599,0,C
Gloves,2023,2023-03,Consumable,9.842870999030067,3152,5000,2064394.548981571,17477.916666666668,209735,4.2880070330389275,0.5043531890557599,0,C
Gloves,2023,2023-04,Consumable,9.842870999030067,1627,4749,2064394.548981571,17477.916666666668,209735,5.482407988289419,0.5043531890557599,0,C
Gloves,2023,2023-05,Consumable,9.842870999030067,3133,1696,2064394.548981571,17477.916666666668,209735,7.238731276316698,0.5043531890557599,0,C
Gloves,2023,2023-06,Consumable,9.842870999030067,1227,2427,2064394.548981571,17477.916666666668,209735,9.56645685093961,0.5043531890557599,0,C
Gloves,2023,2023-07,Consumable,9.842870999030067,2256,2636,2064394.548981571,17477.916666666668,209735,7.145509675660944,0.5043531890557599,0,C
Gloves,2023,2023-08,Consumable,9.842870999030067,2048,4296,2064394.548981571,17477.916666666668,209735,5.51006200084069,0.5043531890557599,0,C
Gloves,2023,2023-09,Consumable,9.842870999030067,3876,3527,2064394.548981571,17477.916666666668,209735,4.721846998964384,0.5043531890557599,0,C
Gloves,2023,2023-10,Consumable,9.842870999030067,4189,1163,2064394.548981571,17477.916666666668,209735,6.531358993522671,0.5043531890557599,0,C
Gloves,2023,2023-11,Consumable,9.842870999030067,4168,3755,2064394.548981571,17477.916666666668,209735,4.4119441289074,0.5043531890557599,0,C
Gloves,2023,2023-12,Consumable,9.842870999030067,1604,2981,2064394.548981571,17477.916666666668,209735,7.623954925481644,0.5043531890557599,0,C
Gloves,2024,2024-01,Consumable,9.842870999030067,4067,3932,2033497.7769156157,17216.333333333332,206596,4.304621411009709,0.5043531890557599,0,C
Gloves,2024,2024-02,Consumable,9.842870999030067,3785,2767,2033497.7769156157,17216.333333333332,206596,5.255291005291005,0.5043531890557599,0,C
Gloves,2024,2024-03,Consumable,9.842870999030067,1055,3892,2033497.7769156157,17216.333333333332,206596,6.960312647395727,0.5043531890557599,0,C
Gloves,2024,2024-04,Consumable,9.842870999030067,3860,2129,2033497.7769156157,17216.333333333332,206596,5.749318194467635,0.5043531890557599,0,C
Gloves,2024,2024-05,Consumable,9.842870999030067,3603,3785,2033497.7769156157,17216.333333333332,206596,4.6606208265656015,0.5043531890557599,0,C
Gloves,2024,2024-06,Consumable,9.842870999030067,4061,1931,2033497.7769156157,17216.333333333332,206596,5.746439697374276,0.5043531890557599,0,C
Gloves,2024,2024-07,Consumable,9.842870999030067,1892,4576,2033497.7769156157,17216.333333333332,206596,5.323541537827252,0.5043531890557599,0,C
Gloves,2024,2024-08,Consumable,9.842870999030067,1124,1639,2033497.7769156157,17216.333333333332,206596,12.462058149354565,0.5043531890557599,0,C
Gloves,2024,2024-09,Consumable,9.842870999030067,2346,3018,2033497.7769156157,17216.333333333332,206596,6.419214516529952,0.5043531890557599,0,C
Gloves,2024,2024-10,Consumable,9.842870999030067,1090,3953,2033497.7769156157,17216.333333333332,206596,6.827814131799854,0.5043531890557599,0,C
Gloves,2024,2024-11,Consumable,9.842870999030067,4558,2639,2033497.7769156157,17216.333333333332,206596,4.78430827659673,0.5043531890557599,0,C
Gloves,2024,2024-12,Consumable,9.842870999030067,2823,4101,2033497.7769156157,17216.333333333332,206596,4.972944348160985,0.5043531890557599,0,C
Gown,2022,2022-01,Consumable,164.81558935361215,2195,1037,18086368.32889734,9144.75,109737,5.6588799504950495,0.5043531890557599,0,C
Gown,2022,2022-02,Consumable,164.81558935361215,758,2870,18086368.32889734,9144.75,109737,5.041207276736494,0.5043531890557599,0,C
Gown,2022,2022-03,Consumable,164.81558935361215,2282,3000,18086368.32889734,9144.75,109737,3.4626088602801968,0.5043531890557599,0,C
Gown,2022,2022-04,Consumable,164.81558935361215,633,745,18086368.32889734,9144.75,109737,13.272496371552975,0.5043531890557599,0,C
Gown,2022,2022-05,Consumable,164.81558935361215,2312,1825,18086368.32889734,9144.75,109737,4.420957215373459,0.5043531890557599,0,C
Gown,2022,2022-06,Consumable,164.81558935361215,1662,2458,18086368.32889734,9144.75,109737,4.439199029126214,0.5043531890557599,0,C
Gown,2022,2022-07,Consumable,164.81558935361215,2179,2805,18086368.32889734,9144.75,109737,3.669642857142857,0.5043531890557599,0,C
Gown,2022,2022-08,Consumable,164.81558935361215,2191,1561,18086368.32889734,9144.75,109737,4.874600213219616,0.5043531890557599,0,C
Gown,2022,2022-09,Consumable,164.81558935361215,953,740,18086368.32889734,9144.75,109737,10.803012404016538,0.5043531890557599,0,C
Gown,2022,2022-10,Consumable,164.81558935361215,1246,2590,18086368.32889734,9144.75,109737,4.767857142857143,0.5043531890557599,0,C
Gown,2022,2022-11,Consumable,164.81558935361215,2597,573,18086368.32889734,9144.75,109737,5.769558359621451,0.5043531890557599,0,C
Gown,2022,2022-12,Consumable,164.81558935361215,1377,1754,18086368.32889734,9144.75,109737,5.841424465027148,0.5043531890557599,0,C
Gown,2023,2023-01,Consumable,164.81558935361215,2129,1561,16971061.235741444,8580.833333333334,102970,4.65085817524842,0.5043531890557599,0,C
Gown,2023,2023-02,Consumable,164.81558935361215,1126,1112,16971061.235741444,8580.833333333334,102970,7.668305034256777,0.5043531890557599,0,C
Gown,2023,2023-03,Consumable,164.81558935361215,1756,3000,16971061.235741444,8580.833333333334,102970,3.6084244463134287,0.5043531890557599,0,C
Gown,2023,2023-04,Consumable,164.81558935361215,1734,752,16971061.235741444,8580.833333333334,102970,6.903325288281041,0.5043531890557599,0,C
Gown,2023,2023-05,Consumable,164.81558935361215,1951,2714,16971061.235741444,8580.833333333334,102970,3.6788138620936053,0.5043531890557599,0,C
Gown,2023,2023-06,Consumable,164.81558935361215,2325,1228,16971061.235741444,8580.833333333334,102970,4.830190449385496,0.5043531890557599,0,C
Gown,2023,2023-07,Consumable,164.81558935361215,1552,1695,16971061.235741444,8580.833333333334,102970,5.285391643568422,0.5043531890557599,0,C
Gown,2023,2023-08,Consumable,164.81558935361215,2549,2554,16971061.235741444,8580.833333333334,102970,3.363054412437129,0.5043531890557599,0,C
Gown,2023,2023-09,Consumable,164.81558935361215,1165,2070,16971061.235741444,8580.833333333334,102970,5.304997424008244,0.5043531890557599,0,C
Gown,2023,2023-10,Consumable,164.81558935361215,2760,1102,16971061.235741444,8580.833333333334,102970,4.44372518556879,0.5043531890557599,0,C
Gown,2023,2023-11,Consumable,164.81558935361215,690,2703,16971061.235741444,8580.833333333334,102970,5.057962471755576,0.5043531890557599,0,C
Gown,2023,2023-12,Consumable,164.81558935361215,2516,959,16971061.235741444,8580.833333333334,102970,4.938609112709832,0.5043531890557599,0,C
Gown,2024,2024-01,Consumable,164.81558935361215,1726,2406,17297066.471482888,8745.666666666666,104948,4.233139722491126,0.5043531890557599,0,C
Gown,2024,2024-02,Consumable,164.81558935361215,1222,1815,17297066.471482888,8745.666666666666,104948,5.759411700142684,0.5043531890557599,0,C
Gown,2024,2024-03,Consumable,164.81558935361215,2090,2053,17297066.471482888,8745.666666666666,104948,4.221900394239279,0.5043531890557599,0,C
Gown,2024,2024-04,Consumable,164.81558935361215,2714,1159,17297066.471482888,8745.666666666666,104948,4.516223427145193,0.5043531890557599,0,C
Gown,2024,2024-05,Consumable,164.81558935361215,1867,1806,17297066.471482888,8745.666666666666,104948,4.76213812505672,0.5043531890557599,0,C
Gown,2024,2024-06,Consumable,164.81558935361215,2322,2762,17297066.471482888,8745.666666666666,104948,3.440466824023079,0.5043531890557599,0,C
Gown,2024,2024-07,Consumable,164.81558935361215,519,2553,17297066.471482888,8745.666666666666,104948,5.693793402777778,0.5043531890557599,0,C
Gown,2024,2024-08,Consumable,164.81558935361215,2655,2101,17297066.471482888,8745.666666666666,104948,3.677740398093636,0.5043531890557599,0,C
Gown,2024,2024-09,Consumable,164.81558935361215,1547,2640,17297066.471482888,8745.666666666666,104948,4.177533635857017,0.5043531890557599,0,C
Gown,2024,2024-10,Consumable,164.81558935361215,2694,592,17297066.471482888,8745.666666666666,104948,5.322986406979103,0.5043531890557599,0,C
Gown,2024,2024-11,Consumable,164.81558935361215,1749,1189,17297066.471482888,8745.666666666666,104948,5.953483095076015,0.5043531890557599,0,C
Gown,2024,2024-12,Consumable,164.81558935361215,2544,2040,17297066.471482888,8745.666666666666,104948,3.8157358929610234,0.5043531890557599,0,C
IV Drip,2022,2022-01,Consumable,230.2,1659,1679,9805138.799999999,3549.5,42594,2.126722588376273,0.5043531890557599,0,C
IV Drip,2022,2022-02,Consumable,230.2,1350,1902,9805138.799999999,3549.5,42594,2.1829643296432963,0.5043531890557599,0,C
IV Drip,2022,2022-03,Consumable,230.2,1728,1327,9805138.799999999,3549.5,42594,2.3237315875613747,0.5043531890557599,0,C
IV Drip,2022,2022-04,Consumable,230.2,650,1820,9805138.799999999,3549.5,42594,2.874089068825911,0.5043531890557599,0,C
IV Drip,2022,2022-05,Consumable,230.2,964,1491,9805138.799999999,3549.5,42594,2.891649694501018,0.5043531890557599,0,C
IV Drip,2022,2022-06,Consumable,230.2,841,1602,9805138.799999999,3549.5,42594,2.905853458862055,0.5043531890557599,0,C
IV Drip,2022,2022-07,Consumable,230.2,1917,994,9805138.799999999,3549.5,42594,2.438680865681896,0.5043531890557599,0,C
IV Drip,2022,2022-08,Consumable,230.2,1268,981,9805138.799999999,3549.5,42594,3.156514006224989,0.5043531890557599,0,C
IV Drip,2022,2022-09,Consumable,230.2,1417,1234,9805138.799999999,3549.5,42594,2.6778574122972465,0.5043531890557599,0,C
IV Drip,2022,2022-10,Consumable,230.2,1845,772,9805138.799999999,3549.5,42594,2.712648070309515,0.5043531890557599,0,C
IV Drip,2022,2022-11,Consumable,230.2,422,538,9805138.799999999,3549.5,42594,7.394791666666666,0.5043531890557599,0,C
IV Drip,2022,2022-12,Consumable,230.2,674,678,9805138.799999999,3549.5,42594,5.250739644970414,0.5043531890557599,0,C
IV Drip,2023,2023-01,Consumable,230.2,1764,1297,9581384.4,3468.5,41622,2.26625285854296,0.5043531890557599,0,C
IV Drip,2023,2023-02,Consumable,230.2,1890,1472,9581384.4,3468.5,41622,2.0633551457465793,0.5043531890557599,0,C
IV Drip,2023,2023-03,Consumable,230.2,777,1501,9581384.4,3468.5,41622,3.0452151009657595,0.5043531890557599,0,C
IV Drip,2023,2023-04,Consumable,230.2,571,1577,9581384.4,3468.5,41622,3.22951582867784,0.5043531890557599,0,C
IV Drip,2023,2023-05,Consumable,230.2,2000,1410,9581384.4,3468.5,41622,2.0343108504398826,0.5043531890557599,0,C
IV Drip,2023,2023-06,Consumable,230.2,1904,1766,9581384.4,3468.5,41622,1.8901907356948229,0.5043531890557599,0,C
IV Drip,2023,2023-07,Consumable,230.2,800,1235,9581384.4,3468.5,41622,3.408845208845209,0.5043531890557599,0,C
IV Drip,2023,2023-08,Consumable,230.2,1262,668,9581384.4,3468.5,41622,3.594300518134715,0.5043531890557599,0,C
IV Drip,2023,2023-09,Consumable,230.2,1100,1167,9581384.4,3468.5,41622,3.059991177767975,0.5043531890557599,0,C
IV Drip,2023,2023-10,Consumable,230.2,1804,1473,9581384.4,3468.5,41622,2.1168751907232224,0.5043531890557599,0,C
IV Drip,2023,2023-11,Consumable,230.2,745,508,9581384.4,3468.5,41622,5.5363128491620115,0.5043531890557599,0,C
IV Drip,2023,2023-12,Consumable,230.2,2000,1568,9581384.4,3468.5,41622,1.944226457399103,0.5043531890557599,0,C
IV Drip,2024,2024-01,Consumable,230.2,1425,1367,10235843.0,3705.4166666666665,44465,2.6543099331423115,0.5043531890557599,0,C
IV Drip,2024,2024-02,Consumable,230.2,729,2000,10235843.0,3705.4166666666665,44465,2.7155856846219617,0.5043531890557599,0,C
IV Drip,2024,2024-03,Consumable,230.2,1187,1929,10235843.0,3705.4166666666665,44465,2.3783162173727,0.5043531890557599,0,C
IV Drip,2024,2024-04,Consumable,230.2,1907,883,10235843.0,3705.4166666666665,44465,2.6562126642771804,0.5043531890557599,0,C
IV Drip,2024,2024-05,Consumable,230.2,1002,922,10235843.0,3705.4166666666665,44465,3.8517844767844767,0.5043531890557599,0,C
IV Drip,2024,2024-06,Consumable,230.2,1250,1838,10235843.0,3705.4166666666665,44465,2.3998812607944733,0.5043531890557599,0,C
IV Drip,2024,2024-07,Consumable,230.2,1920,318,10235843.0,3705.4166666666665,44465,3.3113643133750372,0.5043531890557599,0,C
IV Drip,2024,2024-08,Consumable,230.2,714,400,10235843.0,3705.4166666666665,44465,6.652453620586475,0.5043531890557599,0,C
IV Drip,2024,2024-09,Consumable,230.2,1300,772,10235843.0,3705.4166666666665,44465,3.576657014157014,0.5043531890557599,0,C
IV Drip,2024,2024-10,Consumable,230.2,1558,944,10235843.0,3705.4166666666665,44465,2.9619637623234745,0.5043531890557599,0,C
IV Drip,2024,2024-11,Consumable,230.2,1583,1010,10235843.0,3705.4166666666665,44465,2.8580151690448643,0.5043531890557599,0,C
IV Drip,2024,2024-12,Consumable,230.2,1824,867,10235843.0,3705.4166666666665,44465,2.7539328626285147,0.5043531890557599,0,C
Surgical Mask,2022,2022-01,Consumable,5.588349514563107,13097,10120,3385472.4310679613,50484.083333333336,605809,4.348889463180716,0.5043531890557599,0,C
Surgical Mask,2022,2022-02,Consumable,5.588349514563107,3608,15000,3385472.4310679613,50484.083333333336,605809,5.426062267125251,0.5043531890557599,0,C
Surgical Mask,2022,2022-03,Consumable,5.588349514563107,9777,14354,3385472.4310679613,50484.083333333336,605809,4.184168358819223,0.5043531890557599,0,C
Surgical Mask,2022,2022-04,Consumable,5.588349514563107,15000,3913,3385472.4310679613,50484.083333333336,605809,5.338559015844481,0.5043531890557599,0,C
Surgical Mask,2022,2022-05,Consumable,5.588349514563107,7404,6881,3385472.4310679613,50484.083333333336,605809,7.068125072920313,0.5043531890557599,0,C
Surgical Mask,2022,2022-06,Consumable,5.588349514563107,5035,5406,3385472.4310679613,50484.083333333336,605809,9.67035405293235,0.5043531890557599,0,C
Surgical Mask,2022,2022-07,Consumable,5.588349514563107,3136,7079,3385472.4310679613,50484.083333333336,605809,9.884304127916463,0.5043531890557599,0,C
Surgical Mask,2022,2022-08,Consumable,5.588349514563107,11272,12088,3385472.4310679613,50484.083333333336,605809,4.322267408675799,0.5043531890557599,0,C
Surgical Mask,2022,2022-09,Consumable,5.588349514563107,3416,3000,3385472.4310679613,50484.083333333336,605809,15.736933707398173,0.5043531890557599,0,C
Surgical Mask,2022,2022-10,Consumable,5.588349514563107,3773,7885,3385472.4310679613,50484.083333333336,605809,8.660848058557786,0.5043531890557599,0,C
Surgical Mask,2022,2022-11,Consumable,5.588349514563107,4113,11449,3385472.4310679613,50484.083333333336,605809,6.488122777706379,0.5043531890557599,0,C
Surgical Mask,2022,2022-12,Consumable,5.588349514563107,9375,12644,3385472.4310679613,50484.083333333336,605809,4.5855019150127925,0.5043531890557599,0,C
Surgical Mask,2023,2023-01,Consumable,5.588349514563107,15000,11451,3376804.900970874,50354.833333333336,604258,3.807404887023805,0.5043531890557599,0,C
Surgical Mask,2023,2023-02,Consumable,5.588349514563107,6082,4885,3376804.900970874,50354.833333333336,604258,9.182973161909972,0.5043531890557599,0,C
Surgical Mask,2023,2023-03,Consumable,5.588349514563107,3024,14599,3376804.900970874,50354.833333333336,604258,5.714672114093325,0.5043531890557599,0,C
Surgical Mask,2023,2023-04,Consumable,5.588349514563107,12361,9481,3376804.900970874,50354.833333333336,604258,4.610826236913592,0.5043531890557599,0,C
Surgical Mask,2023,2023-05,Consumable,5.588349514563107,13031,9939,3376804.900970874,50354.833333333336,604258,4.384399941953273,0.5043531890557599,0,C
Surgical Mask,2023,2023-06,Consumable,5.588349514563107,4585,7077,3376804.900970874,50354.833333333336,604258,8.635711427428115,0.5043531890557599,0,C
Surgical Mask,2023,2023-07,Consumable,5.588349514563107,9325,7734,3376804.900970874,50354.833333333336,604258,5.903609043124842,0.5043531890557599,0,C
Surgical Mask,2023,2023-08,Consumable,5.588349514563107,3933,8542,3376804.900970874,50354.833333333336,604258,8.072919171676688,0.5043531890557599,0,C
Surgical Mask,2023,2023-09,Consumable,5.588349514563107,5378,13444,3376804.900970874,50354.833333333336,604258,5.3506357808238585,0.5043531890557599,0,C
Surgical Mask,2023,2023-10,Consumable,5.588349514563107,11345,8359,3376804.900970874,50354.833333333336,604258,5.1111280281499525,0.5043531890557599,0,C
Surgical Mask,2023,2023-11,Consumable,5.588349514563107,8858,7708,3376804.900970874,50354.833333333336,604258,6.079298965753149,0.5043531890557599,0,C
Surgical Mask,2023,2023-12,Consumable,5.588349514563107,12150,9313,3376804.900970874,50354.833333333336,604258,4.692245569895479,0.5043531890557599,0,C
Surgical Mask,2024,2024-01,Consumable,5.588349514563107,5308,11185,3415453.9262135923,50931.166666666664,611174,6.176094908951272,0.5043531890557599,0,C
Surgical Mask,2024,2024-02,Consumable,5.588349514563107,8222,14408,3415453.9262135923,50931.166666666664,611174,4.5012078362056265,0.5043531890557599,0,C
Surgical Mask,2024,2024-03,Consumable,5.588349514563107,15000,15000,3415453.9262135923,50931.166666666664,611174,3.395411111111111,0.5043531890557599,0,C
Surgical Mask,2024,2024-04,Consumable,5.588349514563107,3787,11513,3415453.9262135923,50931.166666666664,611174,6.657668845315904,0.5043531890557599,0,C
Surgical Mask,2024,2024-05,Consumable,5.588349514563107,6470,5851,3415453.9262135923,50931.166666666664,611174,8.2673754835917,0.5043531890557599,0,C
Surgical Mask,2024,2024-06,Consumable,5.588349514563107,10253,8740,3415453.9262135923,50931.166666666664,611174,5.363151336457291,0.5043531890557599,0,C
Surgical Mask,2024,2024-07,Consumable,5.588349514563107,8971,4396,3415453.9262135923,50931.166666666664,611174,7.620433405650732,0.5043531890557599,0,C
Surgical Mask,2024,2024-08,Consumable,5.588349514563107,10137,4602,3415453.9262135923,50931.166666666664,611174,6.911074925933464,0.5043531890557599,0,C
Surgical Mask,2024,2024-09,Consumable,5.588349514563107,7023,9483,3415453.9262135923,50931.166666666664,611174,6.1712306635970755,0.5043531890557599,0,C
Surgical Mask,2024,2024-10,Consumable,5.588349514563107,8063,13144,3415453.9262135923,50931.166666666664,611174,4.803241068200751,0.5043531890557599,0,C
Surgical Mask,2024,2024-11,Consumable,5.588349514563107,3000,9847,3415453.9262135923,50931.166666666664,611174,7.928880931994499,0.5043531890557599,0,C
Surgical Mask,2024,2024-12,Consumable,5.588349514563107,8296,10311,3415453.9262135923,50931.166666666664,611174,5.474409272496014,0.5043531890557599,0,C
Syringe,2022,2022-01,Consumable,20.992292870905587,4775,2119,7924737.504816955,31458.916666666668,377507,9.1264626245044,0.5043531890557599,0,C
Syringe,2022,2022-02,Consumable,20.992292870905587,4077,1909,7924737.504816955,31458.916666666668,377507,10.510830827486357,0.5043531890557599,0,C
Syringe,2022,2022-03,Consumable,20.992292870905587,5649,5800,7924737.504816955,31458.916666666668,377507,5.495487233237255,0.5043531890557599,0,C
Syringe,2022,2022-04,Consumable,20.992292870905587,5496,3174,7924737.504816955,31458.916666666668,377507,7.256958861976163,0.5043531890557599,0,C
Syringe,2022,2022-05,Consumable,20.992292870905587,6893,2405,7924737.504816955,31458.916666666668,377507,6.766813651681366,0.5043531890557599,0,C
Syringe,2022,2022-06,Consumable,20.992292870905587,5214,5028,7924737.504816955,31458.916666666668,377507,6.143119833365879,0.5043531890557599,0,C
Syringe,2022,2022-07,Consumable,20.992292870905587,6499,3237,7924737.504816955,31458.916666666668,377507,6.462390440975075,0.5043531890557599,0,C
Syringe,2022,2022-08,Consumable,20.992292870905587,6092,1500,7924737.504816955,31458.916666666668,377507,8.287385844748858,0.5043531890557599,0,C
Syringe,2022,2022-09,Consumable,20.992292870905587,6420,4978,7924737.504816955,31458.916666666668,377507,5.520076621629526,0.5043531890557599,0,C
Syringe,2022,2022-10,Consumable,20.992292870905587,5979,7457,7924737.504816955,31458.916666666668,377507,4.682780093281731,0.5043531890557599,0,C
Syringe,2022,2022-11,Consumable,20.992292870905587,4890,1871,7924737.504816955,31458.916666666668,377507,9.305995168367598,0.5043531890557599,0,C
Syringe,2022,2022-12,Consumable,20.992292870905587,2868,8000,7924737.504816955,31458.916666666668,377507,5.789274322169059,0.5043531890557599,0,C
Syringe,2023,2023-01,Consumable,20.992292870905587,7380,6195,8106887.630057803,32182.0,386184,4.741362799263352,0.5043531890557599,0,C
Syringe,2023,2023-02,Consumable,20.992292870905587,8000,7157,8106887.630057803,32182.0,386184,4.246486771788613,0.5043531890557599,0,C
Syringe,2023,2023-03,Consumable,20.992292870905587,6027,1908,8106887.630057803,32182.0,386184,8.111405166981726,0.5043531890557599,0,C
Syringe,2023,2023-04,Consumable,20.992292870905587,3230,7250,8106887.630057803,32182.0,386184,6.141603053435115,0.5043531890557599,0,C
Syringe,2023,2023-05,Consumable,20.992292870905587,4717,5824,8106887.630057803,32182.0,386184,6.106062043449388,0.5043531890557599,0,C
Syringe,2023,2023-06,Consumable,20.992292870905587,2375,1500,8106887.630057803,32182.0,386184,16.610064516129032,0.5043531890557599,0,C
Syringe,2023,2023-07,Consumable,20.992292870905587,1517,7442,8106887.630057803,32182.0,386184,7.184283960263422,0.5043531890557599,0,C
Syringe,2023,2023-08,Consumable,20.992292870905587,2567,5189,8106887.630057803,32182.0,386184,8.298607529654461,0.5043531890557599,0,C
Syringe,2023,2023-09,Consumable,20.992292870905587,3072,6563,8106887.630057803,32182.0,386184,6.680228334198236,0.5043531890557599,0,C
Syringe,2023,2023-10,Consumable,20.992292870905587,4339,5221,8106887.630057803,32182.0,386184,6.732635983263599,0.5043531890557599,0,C
Syringe,2023,2023-11,Consumable,20.992292870905587,5180,7779,8106887.630057803,32182.0,386184,4.966741260899761,0.5043531890557599,0,C
Syringe,2023,2023-12,Consumable,20.992292870905587,7101,3549,8106887.630057803,32182.0,386184,6.043568075117371,0.5043531890557599,0,C
Syringe,2024,2024-01,Consumable,20.992292870905587,2679,7225,8195244.190751445,32532.75,390393,6.569618336025848,0.5043531890557599,0,C
Syringe,2024,2024-02,Consumable,20.992292870905587,7282,3574,8195244.190751445,32532.75,390393,5.993505895357406,0.5043531890557599,0,C
Syringe,2024,2024-03,Consumable,20.992292870905587,2688,4420,8195244.190751445,32532.75,390393,9.153840742824986,0.5043531890557599,0,C
Syringe,2024,2024-04,Consumable,20.992292870905587,5817,7068,8195244.190751445,32532.75,390393,5.049708963911525,0.5043531890557599,0,C
Syringe,2024,2024-05,Consumable,20.992292870905587,8000,6522,8195244.190751445,32532.75,390393,4.480477895606666,0.5043531890557599,0,C
Syringe,2024,2024-06,Consumable,20.992292870905587,2946,6943,8195244.190751445,32532.75,390393,6.579583375467691,0.5043531890557599,0,C
Syringe,2024,2024-07,Consumable,20.992292870905587,6783,7558,8195244.190751445,32532.75,390393,4.537026706645283,0.5043531890557599,0,C
Syringe,2024,2024-08,Consumable,20.992292870905587,7661,3805,8195244.190751445,32532.75,390393,5.674646781789639,0.5043531890557599,0,C
Syringe,2024,2024-09,Consumable,20.992292870905587,4068,1875,8195244.190751445,32532.75,390393,10.948258455325593,0.5043531890557599,0,C
Syringe,2024,2024-10,Consumable,20.992292870905587,2081,3807,8195244.190751445,32532.75,390393,11.050526494565217,0.5043531890557599,0,C
Syringe,2024,2024-11,Consumable,20.992292870905587,2805,3910,8195244.190751445,32532.75,390393,9.68957557706627,0.5043531890557599,0,C
Syringe,2024,2024-12,Consumable,20.992292870905587,2697,5990,8195244.190751445,32532.75,390393,7.489985035109934,0.5043531890557599,0,C
Defibrilator,2022,2022-01,Equipment,521237.0816522574,6,4,97992571.3506244,15.666666666666666,188,37.6,0.5043531890557599,2,B
Defibrilator,2022,2022-02,Equipment,521237.0816522574,6,4,97992571.3506244,15.666666666666666,188,37.6,0.5043531890557599,2,B
Defibrilator,2022,2022-03,Equipment,521237.0816522574,6,4,97992571.3506244,15.666666666666666,188,37.6,0.5043531890557599,2,B
Defibrilator,2022,2022-04,Equipment,521237.0816522574,6,4,97992571.3506244,15.666666666666666,188,37.6,0.5043531890557599,2,B
Defibrilator,2022,2022-05,Equipment,521237.0816522574,6,4,97992571.3506244,15.666666666666666,188,37.6,0.5043531890557599,2,B
Defibrilator,2022,2022-06,Equipment,521237.0816522574,6,4,97992571.3506244,15.666666666666666,188,37.6,0.5043531890557599,2,B
Defibrilator,2022,2022-07,Equipment,521237.0816522574,6,4,97992571.3506244,15.666666666666666,188,37.6,0.5043531890557599,2,B
Defibrilator,2022,2022-08,Equipment,521237.0816522574,6,4,97992571.3506244,15.666666666666666,188,37.6,0.5043531890557599,2,B
Defibrilator,2022,2022-09,Equipment,521237.0816522574,6,4,97992571.3506244,15.666666666666666,188,37.6,0.5043531890557599,2,B
Defibrilator,2022,2022-10,Equipment,521237.0816522574,6,4,97992571.3506244,15.666666666666666,188,37.6,0.5043531890557599,2,B
Defibrilator,2022,2022-11,Equipment,521237.0816522574,6,4,97992571.3506244,15.666666666666666,188,37.6,0.5043531890557599,2,B
Defibrilator,2022,2022-12,Equipment,521237.0816522574,6,4,97992571.3506244,15.666666666666666,188,37.6,0.5043531890557599,2,B
Defibrilator,2023,2023-01,Equipment,521237.0816522574,4,6,87046592.63592699,13.916666666666666,167,33.4,0.5043531890557599,2,B
Defibrilator,2023,2023-02,Equipment,521237.0816522574,4,6,87046592.63592699,13.916666666666666,167,33.4,0.5043531890557599,2,B
Defibrilator,2023,2023-03,Equipment,521237.0816522574,4,6,87046592.63592699,13.916666666666666,167,33.4,0.5043531890557599,2,B
Defibrilator,2023,2023-04,Equipment,521237.0816522574,4,6,87046592.63592699,13.916666666666666,167,33.4,0.5043531890557599,2,B
Defibrilator,2023,2023-05,Equipment,521237.0816522574,4,6,87046592.63592699,13.916666666666666,167,33.4,0.5043531890557599,2,B
Defibrilator,2023,2023-06,Equipment,521237.0816522574,4,6,87046592.63592699,13.916666666666666,167,33.4,0.5043531890557599,2,B
Defibrilator,2023,2023-07,Equipment,521237.0816522574,4,6,87046592.63592699,13.916666666666666,167,33.4,0.5043531890557599,2,B
Defibrilator,2023,2023-08,Equipment,521237.0816522574,4,6,87046592.63592699,13.916666666666666,167,33.4,0.5043531890557599,2,B
Defibrilator,2023,2023-09,Equipment,521237.0816522574,4,6,87046592.63592699,13.916666666666666,167,33.4,0.5043531890557599,2,B
Defibrilator,2023,2023-10,Equipment,521237.0816522574,4,6,87046592.63592699,13.916666666666666,167,33.4,0.5043531890557599,2,B
Defibrilator,2023,2023-11,Equipment,521237.0816522574,4,6,87046592.63592699,13.916666666666666,167,33.4,0.5043531890557599,2,B
Defibrilator,2023,2023-12,Equipment,521237.0816522574,4,6,87046592.63592699,13.916666666666666,167,33.4,0.5043531890557599,2,B
Defibrilator,2024,2024-01,Equipment,521237.0816522574,6,7,95386385.94236311,15.25,183,28.153846153846153,0.5043531890557599,2,B
Defibrilator,2024,2024-02,Equipment,521237.0816522574,6,7,95386385.94236311,15.25,183,28.153846153846153,0.5043531890557599,2,B
Defibrilator,2024,2024-03,Equipment,521237.0816522574,6,7,95386385.94236311,15.25,183,28.153846153846153,0.5043531890557599,2,B
Defibrilator,2024,2024-04,Equipment,521237.0816522574,6,7,95386385.94236311,15.25,183,28.153846153846153,0.5043531890557599,2,B
Defibrilator,2024,2024-05,Equipment,521237.0816522574,6,7,95386385.94236311,15.25,183,28.153846153846153,0.5043531890557599,2,B
Defibrilator,2024,2024-06,Equipment,521237.0816522574,6,7,95386385.94236311,15.25,183,28.153846153846153,0.5043531890557599,2,B
Defibrilator,2024,2024-07,Equipment,521237.0816522574,6,7,95386385.94236311,15.25,183,28.153846153846153,0.5043531890557599,2,B
Defibrilator,2024,2024-08,Equipment,521237.0816522574,6,7,95386385.94236311,15.25,183,28.153846153846153,0.5043531890557599,2,B
Defibrilator,2024,2024-09,Equipment,521237.0816522574,6,7,95386385.94236311,15.25,183,28.153846153846153,0.5043531890557599,2,B
Defibrilator,2024,2024-10,Equipment,521237.0816522574,6,7,95386385.94236311,15.25,183,28.153846153846153,0.5043531890557599,2,B
Defibrilator,2024,2024-11,Equipment,521237.0816522574,6,7,95386385.94236311,15.25,183,28.153846153846153,0.5043531890557599,2,B
Defibrilator,2024,2024-12,Equipment,521237.0816522574,6,7,95386385.94236311,15.25,183,28.153846153846153,0.5043531890557599,2,B
ECG Machine,2022,2022-01,Equipment,249812.9748549323,2,2,130402372.87427467,43.5,522,261.0,0.5043531890557599,2,B
ECG Machine,2022,2022-02,Equipment,249812.9748549323,2,2,130402372.87427467,43.5,522,261.0,0.5043531890557599,2,B
ECG Machine,2022,2022-03,Equipment,249812.9748549323,2,2,130402372.87427467,43.5,522,261.0,0.5043531890557599,2,B
ECG Machine,2022,2022-04,Equipment,249812.9748549323,2,2,130402372.87427467,43.5,522,261.0,0.5043531890557599,2,B
ECG Machine,2022,2022-05,Equipment,249812.9748549323,2,2,130402372.87427467,43.5,522,261.0,0.5043531890557599,2,B
ECG Machine,2022,2022-06,Equipment,249812.9748549323,2,2,130402372.87427467,43.5,522,261.0,0.5043531890557599,2,B
ECG Machine,2022,2022-07,Equipment,249812.9748549323,2,2,130402372.87427467,43.5,522,261.0,0.5043531890557599,2,B
ECG Machine,2022,2022-08,Equipment,249812.9748549323,2,2,130402372.87427467,43.5,522,261.0,0.5043531890557599,2,B
ECG Machine,2022,2022-09,Equipment,249812.9748549323,2,2,130402372.87427467,43.5,522,261.0,0.5043531890557599,2,B
ECG Machine,2022,2022-10,Equipment,249812.9748549323,2,2,130402372.87427467,43.5,522,261.0,0.5043531890557599,2,B
ECG Machine,2022,2022-11,Equipment,249812.9748549323,2,2,130402372.87427467,43.5,522,261.0,0.5043531890557599,2,B
ECG Machine,2022,2022-12,Equipment,249812.9748549323,2,2,130402372.87427467,43.5,522,261.0,0.5043531890557599,2,B
ECG Machine,2023,2023-01,Equipment,249812.9748549323,6,4,125406113.37717602,41.833333333333336,502,100.4,0.5043531890557599,2,B
ECG Machine,2023,2023-02,Equipment,249812.9748549323,6,4,125406113.37717602,41.833333333333336,502,100.4,0.5043531890557599,2,B
ECG Machine,2023,2023-03,Equipment,249812.9748549323,6,4,125406113.37717602,41.833333333333336,502,100.4,0.5043531890557599,2,B
ECG Machine,2023,2023-04,Equipment,249812.9748549323,6,4,125406113.37717602,41.833333333333336,502,100.4,0.5043531890557599,2,B
ECG Machine,2023,2023-05,Equipment,249812.9748549323,6,4,125406113.37717602,41.833333333333336,502,100.4,0.5043531890557599,2,B
ECG Machine,2023,2023-06,Equipment,249812.9748549323,6,4,125406113.37717602,41.833333333333336,502,100.4,0.5043531890557599,2,B
ECG Machine,2023,2023-07,Equipment,249812.9748549323,6,4,125406113.37717602,41.833333333333336,502,100.4,0.5043531890557599,2,B
ECG Machine,2023,2023-08,Equipment,249812.9748549323,6,4,125406113.37717602,41.833333333333336,502,100.4,0.5043531890557599,2,B
ECG Machine,2023,2023-09,Equipment,249812.9748549323,6,4,125406113.37717602,41.833333333333336,502,100.4,0.5043531890557599,2,B
ECG Machine,2023,2023-10,Equipment,249812.9748549323,6,4,125406113.37717602,41.833333333333336,502,100.4,0.5043531890557599,2,B
ECG Machine,2023,2023-11,Equipment,249812.9748549323,6,4,125406113.37717602,41.833333333333336,502,100.4,0.5043531890557599,2,B
ECG Machine,2023,2023-12,Equipment,249812.9748549323,6,4,125406113.37717602,41.833333333333336,502,100.4,0.5043531890557599,2,B
ECG Machine,2024,2024-01,Equipment,249812.9748549323,10,10,134899006.42166346,45.0,540,54.0,0.5043531890557599,2,B
ECG Machine,2024,2024-02,Equipment,249812.9748549323,10,10,134899006.42166346,45.0,540,54.0,0.5043531890557599,2,B
ECG Machine,2024,2024-03,Equipment,249812.9748549323,10,10,134899006.42166346,45.0,540,54.0,0.5043531890557599,2,B
ECG Machine,2024,2024-04,Equipment,249812.9748549323,10,10,134899006.42166346,45.0,540,54.0,0.5043531890557599,2,B
ECG Machine,2024,2024-05,Equipment,249812.9748549323,10,10,134899006.42166346,45.0,540,54.0,0.5043531890557599,2,B
ECG Machine,2024,2024-06,Equipment,249812.9748549323,10,10,134899006.42166346,45.0,540,54.0,0.5043531890557599,2,B
ECG Machine,2024,2024-07,Equipment,249812.9748549323,10,10,134899006.42166346,45.0,540,54.0,0.5043531890557599,2,B
ECG Machine,2024,2024-08,Equipment,249812.9748549323,10,10,134899006.42166346,45.0,540,54.0,0.5043531890557599,2,B
ECG Machine,2024,2024-09,Equipment,249812.9748549323,10,10,134899006.42166346,45.0,540,54.0,0.5043531890557599,2,B
ECG Machine,2024,2024-10,Equipment,249812.9748549323,10,10,134899006.42166346,45.0,540,54.0,0.5043531890557599,2,B
ECG Machine,2024,2024-11,Equipment,249812.9748549323,10,10,134899006.42166346,45.0,540,54.0,0.5043531890557599,2,B
ECG Machine,2024,2024-12,Equipment,249812.9748549323,10,10,134899006.42166346,45.0,540,54.0,0.5043531890557599,2,B
Hospital Bed,2022,2022-01,Equipment,35734.8896484375,69,94,17581565.70703125,41.0,492,6.03680981595092,0.5043531890557599,2,B
Hospital Bed,2022,2022-02,Equipment,35734.8896484375,69,94,17581565.70703125,41.0,492,6.03680981595092,0.5043531890557599,2,B
Hospital Bed,2022,2022-03,Equipment,35734.8896484375,69,94,17581565.70703125,41.0,492,6.03680981595092,0.5043531890557599,2,B
Hospital Bed,2022,2022-04,Equipment,35734.8896484375,69,94,17581565.70703125,41.0,492,6.03680981595092,0.5043531890557599,2,B
Hospital Bed,2022,2022-05,Equipment,35734.8896484375,69,94,17581565.70703125,41.0,492,6.03680981595092,0.5043531890557599,2,B
Hospital Bed,2022,2022-06,Equipment,35734.8896484375,69,94,17581565.70703125,41.0,492,6.03680981595092,0.5043531890557599,2,B
Hospital Bed,2022,2022-07,Equipment,35734.8896484375,69,94,17581565.70703125,41.0,492,6.03680981595092,0.5043531890557599,2,B
Hospital Bed,2022,2022-08,Equipment,35734.8896484375,69,94,17581565.70703125,41.0,492,6.03680981595092,0.5043531890557599,2,B
Hospital Bed,2022,2022-09,Equipment,35734.8896484375,69,94,17581565.70703125,41.0,492,6.03680981595092,0.5043531890557599,2,B
Hospital Bed,2022,2022-10,Equipment,35734.8896484375,69,94,17581565.70703125,41.0,492,6.03680981595092,0.5043531890557599,2,B
Hospital Bed,2022,2022-11,Equipment,35734.8896484375,69,94,17581565.70703125,41.0,492,6.03680981595092,0.5043531890557599,2,B
Hospital Bed,2022,2022-12,Equipment,35734.8896484375,69,94,17581565.70703125,41.0,492,6.03680981595092,0.5043531890557599,2,B
Hospital Bed,2023,2023-01,Equipment,35734.8896484375,64,63,17581565.70703125,41.0,492,7.748031496062992,0.5043531890557599,2,B
Hospital Bed,2023,2023-02,Equipment,35734.8896484375,64,63,17581565.70703125,41.0,492,7.748031496062992,0.5043531890557599,2,B
Hospital Bed,2023,2023-03,Equipment,35734.8896484375,64,63,17581565.70703125,41.0,492,7.748031496062992,0.5043531890557599,2,B
Hospital Bed,2023,2023-04,Equipment,35734.8896484375,64,63,17581565.70703125,41.0,492,7.748031496062992,0.5043531890557599,2,B
Hospital Bed,2023,2023-05,Equipment,35734.8896484375,64,63,17581565.70703125,41.0,492,7.748031496062992,0.5043531890557599,2,B
Hospital Bed,2023,2023-06,Equipment,35734.8896484375,64,63,17581565.70703125,41.0,492,7.748031496062992,0.5043531890557599,2,B
Hospital Bed,2023,2023-07,Equipment,35734.8896484375,64,63,17581565.70703125,41.0,492,7.748031496062992,0.5043531890557599,2,B
Hospital Bed,2023,2023-08,Equipment,35734.8896484375,64,63,17581565.70703125,41.0,492,7.748031496062992,0.5043531890557599,2,B
Hospital Bed,2023,2023-09,Equipment,35734.8896484375,64,63,17581565.70703125,41.0,492,7.748031496062992,0.5043531890557599,2,B
Hospital Bed,2023,2023-10,Equipment,35734.8896484375,64,63,17581565.70703125,41.0,492,7.748031496062992,0.5043531890557599,2,B
Hospital Bed,2023,2023-11,Equipment,35734.8896484375,64,63,17581565.70703125,41.0,492,7.748031496062992,0.5043531890557599,2,B
Hospital Bed,2023,2023-12,Equipment,35734.8896484375,64,63,17581565.70703125,41.0,492,7.748031496062992,0.5043531890557599,2,B
Hospital Bed,2024,2024-01,Equipment,35734.8896484375,80,52,19725659.0859375,46.0,552,8.363636363636363,0.5043531890557599,2,B
Hospital Bed,2024,2024-02,Equipment,35734.8896484375,80,52,19725659.0859375,46.0,552,8.363636363636363,0.5043531890557599,2,B
Hospital Bed,2024,2024-03,Equipment,35734.8896484375,80,52,19725659.0859375,46.0,552,8.363636363636363,0.5043531890557599,2,B
Hospital Bed,2024,2024-04,Equipment,35734.8896484375,80,52,19725659.0859375,46.0,552,8.363636363636363,0.5043531890557599,2,B
Hospital Bed,2024,2024-05,Equipment,35734.8896484375,80,52,19725659.0859375,46.0,552,8.363636363636363,0.5043531890557599,2,B
Hospital Bed,2024,2024-06,Equipment,35734.8896484375,80,52,19725659.0859375,46.0,552,8.363636363636363,0.5043531890557599,2,B
Hospital Bed,2024,2024-07,Equipment,35734.8896484375,80,52,19725659.0859375,46.0,552,8.363636363636363,0.5043531890557599,2,B
Hospital Bed,2024,2024-08,Equipment,35734.8896484375,80,52,19725659.0859375,46.0,552,8.363636363636363,0.5043531890557599,2,B
Hospital Bed,2024,2024-09,Equipment,35734.8896484375,80,52,19725659.0859375,46.0,552,8.363636363636363,0.5043531890557599,2,B
Hospital Bed,2024,2024-10,Equipment,35734.8896484375,80,52,19725659.0859375,46.0,552,8.363636363636363,0.5043531890557599,2,B
Hospital Bed,2024,2024-11,Equipment,35734.8896484375,80,52,19725659.0859375,46.0,552,8.363636363636363,0.5043531890557599,2,B
Hospital Bed,2024,2024-12,Equipment,35734.8896484375,80,52,19725659.0859375,46.0,552,8.363636363636363,0.5043531890557599,2,B
Infusion Pump,2022,2022-01,Equipment,165880.2302504817,8,13,575438518.7389209,289.0833333333333,3469,330.3809523809524,0.5043531890557599,2,B
Infusion Pump,2022,2022-02,Equipment,165880.2302504817,8,13,575438518.7389209,289.0833333333333,3469,330.3809523809524,0.5043531890557599,2,B
Infusion Pump,2022,2022-03,Equipment,165880.2302504817,8,13,575438518.7389209,289.0833333333333,3469,330.3809523809524,0.5043531890557599,2,B
Infusion Pump,2022,2022-04,Equipment,165880.2302504817,8,13,575438518.7389209,289.0833333333333,3469,330.3809523809524,0.5043531890557599,2,B
Infusion Pump,2022,2022-05,Equipment,165880.2302504817,8,13,575438518.7389209,289.0833333333333,3469,330.3809523809524,0.5043531890557599,2,B
Infusion Pump,2022,2022-06,Equipment,165880.2302504817,8,13,575438518.7389209,289.0833333333333,3469,330.3809523809524,0.5043531890557599,2,B
Infusion Pump,2022,2022-07,Equipment,165880.2302504817,8,13,575438518.7389209,289.0833333333333,3469,330.3809523809524,0.5043531890557599,2,B
Infusion Pump,2022,2022-08,Equipment,165880.2302504817,8,13,575438518.7389209,289.0833333333333,3469,330.3809523809524,0.5043531890557599,2,B
Infusion Pump,2022,2022-09,Equipment,165880.2302504817,8,13,575438518.7389209,289.0833333333333,3469,330.3809523809524,0.5043531890557599,2,B
Infusion Pump,2022,2022-10,Equipment,165880.2302504817,8,13,575438518.7389209,289.0833333333333,3469,330.3809523809524,0.5043531890557599,2,B
Infusion Pump,2022,2022-11,Equipment,165880.2302504817,8,13,575438518.7389209,289.0833333333333,3469,330.3809523809524,0.5043531890557599,2,B
Infusion Pump,2022,2022-12,Equipment,165880.2302504817,8,13,575438518.7389209,289.0833333333333,3469,330.3809523809524,0.5043531890557599,2,B
Infusion Pump,2023,2023-01,Equipment,165880.2302504817,11,7,549229442.3593448,275.9166666666667,3311,367.8888888888889,0.5043531890557599,2,B
Infusion Pump,2023,2023-02,Equipment,165880.2302504817,11,7,549229442.3593448,275.9166666666667,3311,367.8888888888889,0.5043531890557599,2,B
Infusion Pump,2023,2023-03,Equipment,165880.2302504817,11,7,549229442.3593448,275.9166666666667,3311,367.8888888888889,0.5043531890557599,2,B
Infusion Pump,2023,2023-04,Equipment,165880.2302504817,11,7,549229442.3593448,275.9166666666667,3311,367.8888888888889,0.5043531890557599,2,B
Infusion Pump,2023,2023-05,Equipment,165880.2302504817,11,7,549229442.3593448,275.9166666666667,3311,367.8888888888889,0.5043531890557599,2,B
Infusion Pump,2023,2023-06,Equipment,165880.2302504817,11,7,549229442.3593448,275.9166666666667,3311,367.8888888888889,0.5043531890557599,2,B
Infusion Pump,2023,2023-07,Equipment,165880.2302504817,11,7,549229442.3593448,275.9166666666667,3311,367.8888888888889,0.5043531890557599,2,B
Infusion Pump,2023,2023-08,Equipment,165880.2302504817,11,7,549229442.3593448,275.9166666666667,3311,367.8888888888889,0.5043531890557599,2,B
Infusion Pump,2023,2023-09,Equipment,165880.2302504817,11,7,549229442.3593448,275.9166666666667,3311,367.8888888888889,0.5043531890557599,2,B
Infusion Pump,2023,2023-10,Equipment,165880.2302504817,11,7,549229442.3593448,275.9166666666667,3311,367.8888888888889,0.5043531890557599,2,B
Infusion Pump,2023,2023-11,Equipment,165880.2302504817,11,7,549229442.3593448,275.9166666666667,3311,367.8888888888889,0.5043531890557599,2,B
Infusion Pump,2023,2023-12,Equipment,165880.2302504817,11,7,549229442.3593448,275.9166666666667,3311,367.8888888888889,0.5043531890557599,2,B
Infusion Pump,2024,2024-01,Equipment,165880.2302504817,4,5,581741967.4884393,292.25,3507,779.3333333333334,0.5043531890557599,2,B
Infusion Pump,2024,2024-02,Equipment,165880.2302504817,4,5,581741967.4884393,292.25,3507,779.3333333333334,0.5043531890557599,2,B
Infusion Pump,2024,2024-03,Equipment,165880.2302504817,4,5,581741967.4884393,292.25,3507,779.3333333333334,0.5043531890557599,2,B
Infusion Pump,2024,2024-04,Equipment,165880.2302504817,4,5,581741967.4884393,292.25,3507,779.3333333333334,0.5043531890557599,2,B
Infusion Pump,2024,2024-05,Equipment,165880.2302504817,4,5,581741967.4884393,292.25,3507,779.3333333333334,0.5043531890557599,2,B
Infusion Pump,2024,2024-06,Equipment,165880.2302504817,4,5,581741967.4884393,292.25,3507,779.3333333333334,0.5043531890557599,2,B
Infusion Pump,2024,2024-07,Equipment,165880.2302504817,4,5,581741967.4884393,292.25,3507,779.3333333333334,0.5043531890557599,2,B
Infusion Pump,2024,2024-08,Equipment,165880.2302504817,4,5,581741967.4884393,292.25,3507,779.3333333333334,0.5043531890557599,2,B
Infusion Pump,2024,2024-09,Equipment,165880.2302504817,4,5,581741967.4884393,292.25,3507,779.3333333333334,0.5043531890557599,2,B
Infusion Pump,2024,2024-10,Equipment,165880.2302504817,4,5,581741967.4884393,292.25,3507,779.3333333333334,0.5043531890557599,2,B
Infusion Pump,2024,2024-11,Equipment,165880.2302504817,4,5,581741967.4884393,292.25,3507,779.3333333333334,0.5043531890557599,2,B
Infusion Pump,2024,2024-12,Equipment,165880.2302504817,4,5,581741967.4884393,292.25,3507,779.3333333333334,0.5043531890557599,2,B
MRI Scanner,2022,2022-01,Equipment,37512892.87196896,1,1,6827346502.698351,15.166666666666666,182,182.0,0.5043531890557599,1,A
MRI Scanner,2022,2022-02,Equipment,37512892.87196896,1,1,6827346502.698351,15.166666666666666,182,182.0,0.5043531890557599,1,A
MRI Scanner,2022,2022-03,Equipment,37512892.87196896,1,1,6827346502.698351,15.166666666666666,182,182.0,0.5043531890557599,1,A
MRI Scanner,2022,2022-04,Equipment,37512892.87196896,1,1,6827346502.698351,15.166666666666666,182,182.0,0.5043531890557599,1,A
MRI Scanner,2022,2022-05,Equipment,37512892.87196896,1,1,6827346502.698351,15.166666666666666,182,182.0,0.5043531890557599,1,A
MRI Scanner,2022,2022-06,Equipment,37512892.87196896,1,1,6827346502.698351,15.166666666666666,182,182.0,0.5043531890557599,1,A
MRI Scanner,2022,2022-07,Equipment,37512892.87196896,1,1,6827346502.698351,15.166666666666666,182,182.0,0.5043531890557599,1,A
MRI Scanner,2022,2022-08,Equipment,37512892.87196896,1,1,6827346502.698351,15.166666666666666,182,182.0,0.5043531890557599,1,A
MRI Scanner,2022,2022-09,Equipment,37512892.87196896,1,1,6827346502.698351,15.166666666666666,182,182.0,0.5043531890557599,1,A
MRI Scanner,2022,2022-10,Equipment,37512892.87196896,1,1,6827346502.698351,15.166666666666666,182,182.0,0.5043531890557599,1,A
MRI Scanner,2022,2022-11,Equipment,37512892.87196896,1,1,6827346502.698351,15.166666666666666,182,182.0,0.5043531890557599,1,A
MRI Scanner,2022,2022-12,Equipment,37512892.87196896,1,1,6827346502.698351,15.166666666666666,182,182.0,0.5043531890557599,1,A
MRI Scanner,2023,2023-01,Equipment,37512892.87196896,1,1,7277501217.161979,16.166666666666668,194,194.0,0.5043531890557599,1,A
MRI Scanner,2023,2023-02,Equipment,37512892.87196896,1,1,7277501217.161979,16.166666666666668,194,194.0,0.5043531890557599,1,A
MRI Scanner,2023,2023-03,Equipment,37512892.87196896,1,1,7277501217.161979,16.166666666666668,194,194.0,0.5043531890557599,1,A
MRI Scanner,2023,2023-04,Equipment,37512892.87196896,1,1,7277501217.161979,16.166666666666668,194,194.0,0.5043531890557599,1,A
MRI Scanner,2023,2023-05,Equipment,37512892.87196896,1,1,7277501217.161979,16.166666666666668,194,194.0,0.5043531890557599,1,A
MRI Scanner,2023,2023-06,Equipment,37512892.87196896,1,1,7277501217.161979,16.166666666666668,194,194.0,0.5043531890557599,1,A
MRI Scanner,2023,2023-07,Equipment,37512892.87196896,1,1,7277501217.161979,16.166666666666668,194,194.0,0.5043531890557599,1,A
MRI Scanner,2023,2023-08,Equipment,37512892.87196896,1,1,7277501217.161979,16.166666666666668,194,194.0,0.5043531890557599,1,A
MRI Scanner,2023,2023-09,Equipment,37512892.87196896,1,1,7277501217.161979,16.166666666666668,194,194.0,0.5043531890557599,1,A
MRI Scanner,2023,2023-10,Equipment,37512892.87196896,1,1,7277501217.161979,16.166666666666668,194,194.0,0.5043531890557599,1,A
MRI Scanner,2023,2023-11,Equipment,37512892.87196896,1,1,7277501217.161979,16.166666666666668,194,194.0,0.5043531890557599,1,A
MRI Scanner,2023,2023-12,Equipment,37512892.87196896,1,1,7277501217.161979,16.166666666666668,194,194.0,0.5043531890557599,1,A
MRI Scanner,2024,2024-01,Equipment,37512892.87196896,1,2,6527243359.722599,14.5,174,116.0,0.5043531890557599,1,A
MRI Scanner,2024,2024-02,Equipment,37512892.87196896,1,2,6527243359.722599,14.5,174,116.0,0.5043531890557599,1,A
MRI Scanner,2024,2024-03,Equipment,37512892.87196896,1,2,6527243359.722599,14.5,174,116.0,0.5043531890557599,1,A
MRI Scanner,2024,2024-04,Equipment,37512892.87196896,1,2,6527243359.722599,14.5,174,116.0,0.5043531890557599,1,A
MRI Scanner,2024,2024-05,Equipment,37512892.87196896,1,2,6527243359.722599,14.5,174,116.0,0.5043531890557599,1,A
MRI Scanner,2024,2024-06,Equipment,37512892.87196896,1,2,6527243359.722599,14.5,174,116.0,0.5043531890557599,1,A
MRI Scanner,2024,2024-07,Equipment,37512892.87196896,1,2,6527243359.722599,14.5,174,116.0,0.5043531890557599,1,A
MRI Scanner,2024,2024-08,Equipment,37512892.87196896,1,2,6527243359.722599,14.5,174,116.0,0.5043531890557599,1,A
MRI Scanner,2024,2024-09,Equipment,37512892.87196896,1,2,6527243359.722599,14.5,174,116.0,0.5043531890557599,1,A
MRI Scanner,2024,2024-10,Equipment,37512892.87196896,1,2,6527243359.722599,14.5,174,116.0,0.5043531890557599,1,A
MRI Scanner,2024,2024-11,Equipment,37512892.87196896,1,2,6527243359.722599,14.5,174,116.0,0.5043531890557599,1,A
MRI Scanner,2024,2024-12,Equipment,37512892.87196896,1,2,6527243359.722599,14.5,174,116.0,0.5043531890557599,1,A
Ventilator,2022,2022-01,Equipment,2349048.533203125,22,17,2417170940.6660156,85.75,1029,52.76923076923077,0.5043531890557599,2,B
Ventilator,2022,2022-02,Equipment,2349048.533203125,22,17,2417170940.6660156,85.75,1029,52.76923076923077,0.5043531890557599,2,B
Ventilator,2022,2022-03,Equipment,2349048.533203125,22,17,2417170940.6660156,85.75,1029,52.76923076923077,0.5043531890557599,2,B
Ventilator,2022,2022-04,Equipment,2349048.533203125,22,17,2417170940.6660156,85.75,1029,52.76923076923077,0.5043531890557599,2,B
Ventilator,2022,2022-05,Equipment,2349048.533203125,22,17,2417170940.6660156,85.75,1029,52.76923076923077,0.5043531890557599,2,B
Ventilator,2022,2022-06,Equipment,2349048.533203125,22,17,2417170940.6660156,85.75,1029,52.76923076923077,0.5043531890557599,2,B
Ventilator,2022,2022-07,Equipment,2349048.533203125,22,17,2417170940.6660156,85.75,1029,52.76923076923077,0.5043531890557599,2,B
Ventilator,2022,2022-08,Equipment,2349048.533203125,22,17,2417170940.6660156,85.75,1029,52.76923076923077,0.5043531890557599,2,B
Ventilator,2022,2022-09,Equipment,2349048.533203125,22,17,2417170940.6660156,85.75,1029,52.76923076923077,0.5043531890557599,2,B
Ventilator,2022,2022-10,Equipment,2349048.533203125,22,17,2417170940.6660156,85.75,1029,52.76923076923077,0.5043531890557599,2,B
Ventilator,2022,2022-11,Equipment,2349048.533203125,22,17,2417170940.6660156,85.75,1029,52.76923076923077,0.5043531890557599,2,B
Ventilator,2022,2022-12,Equipment,2349048.533203125,22,17,2417170940.6660156,85.75,1029,52.76923076923077,0.5043531890557599,2,B
Ventilator,2023,2023-01,Equipment,2349048.533203125,4,5,2332605193.470703,82.75,993,220.66666666666666,0.5043531890557599,2,B
Ventilator,2023,2023-02,Equipment,2349048.533203125,4,5,2332605193.470703,82.75,993,220.66666666666666,0.5043531890557599,2,B
Ventilator,2023,2023-03,Equipment,2349048.533203125,4,5,2332605193.470703,82.75,993,220.66666666666666,0.5043531890557599,2,B
Ventilator,2023,2023-04,Equipment,2349048.533203125,4,5,2332605193.470703,82.75,993,220.66666666666666,0.5043531890557599,2,B
Ventilator,2023,2023-05,Equipment,2349048.533203125,4,5,2332605193.470703,82.75,993,220.66666666666666,0.5043531890557599,2,B
Ventilator,2023,2023-06,Equipment,2349048.533203125,4,5,2332605193.470703,82.75,993,220.66666666666666,0.5043531890557599,2,B
Ventilator,2023,2023-07,Equipment,2349048.533203125,4,5,2332605193.470703,82.75,993,220.66666666666666,0.5043531890557599,2,B
Ventilator,2023,2023-08,Equipment,2349048.533203125,4,5,2332605193.470703,82.75,993,220.66666666666666,0.5043531890557599,2,B
Ventilator,2023,2023-09,Equipment,2349048.533203125,4,5,2332605193.470703,82.75,993,220.66666666666666,0.5043531890557599,2,B
Ventilator,2023,2023-10,Equipment,2349048.533203125,4,5,2332605193.470703,82.75,993,220.66666666666666,0.5043531890557599,2,B
Ventilator,2023,2023-11,Equipment,2349048.533203125,4,5,2332605193.470703,82.75,993,220.66666666666666,0.5043531890557599,2,B
Ventilator,2023,2023-12,Equipment,2349048.533203125,4,5,2332605193.470703,82.75,993,220.66666666666666,0.5043531890557599,2,B
Ventilator,2024,2024-01,Equipment,2349048.533203125,5,22,2405425698.0,85.33333333333333,1024,75.85185185185185,0.5043531890557599,2,B
Ventilator,2024,2024-02,Equipment,2349048.533203125,5,22,2405425698.0,85.33333333333333,1024,75.85185185185185,0.5043531890557599,2,B
Ventilator,2024,2024-03,Equipment,2349048.533203125,5,22,2405425698.0,85.33333333333333,1024,75.85185185185185,0.5043531890557599,2,B
Ventilator,2024,2024-04,Equipment,2349048.533203125,5,22,2405425698.0,85.33333333333333,1024,75.85185185185185,0.5043531890557599,2,B
Ventilator,2024,2024-05,Equipment,2349048.533203125,5,22,2405425698.0,85.33333333333333,1024,75.85185185185185,0.5043531890557599,2,B
Ventilator,2024,2024-06,Equipment,2349048.533203125,5,22,2405425698.0,85.33333333333333,1024,75.85185185185185,0.5043531890557599,2,B
Ventilator,2024,2024-07,Equipment,2349048.533203125,5,22,2405425698.0,85.33333333333333,1024,75.85185185185185,0.5043531890557599,2,B
Ventilator,2024,2024-08,Equipment,2349048.533203125,5,22,2405425698.0,85.33333333333333,1024,75.85185185185185,0.5043531890557599,2,B
Ventilator,2024,2024-09,Equipment,2349048.533203125,5,22,2405425698.0,85.33333333333333,1024,75.85185185185185,0.5043531890557599,2,B
Ventilator,2024,2024-10,Equipment,2349048.533203125,5,22,2405425698.0,85.33333333333333,1024,75.85185185185185,0.5043531890557599,2,B
Ventilator,2024,2024-11,Equipment,2349048.533203125,5,22,2405425698.0,85.33333333333333,1024,75.85185185185185,0.5043531890557599,2,B
Ventilator,2024,2024-12,Equipment,2349048.533203125,5,22,2405425698.0,85.33333333333333,1024,75.85185185185185,0.5043531890557599,2,B
Wheelchair,2022,2022-01,Equipment,15021.777131782947,23,9,12813575.893410854,71.08333333333333,853,53.3125,0.5043531890557599,2,B
Wheelchair,2022,2022-02,Equipment,15021.777131782947,23,9,12813575.893410854,71.08333333333333,853,53.3125,0.5043531890557599,2,B
Wheelchair,2022,2022-03,Equipment,15021.777131782947,23,9,12813575.893410854,71.08333333333333,853,53.3125,0.5043531890557599,2,B
Wheelchair,2022,2022-04,Equipment,15021.777131782947,23,9,12813575.893410854,71.08333333333333,853,53.3125,0.5043531890557599,2,B
Wheelchair,2022,2022-05,Equipment,15021.777131782947,23,9,12813575.893410854,71.08333333333333,853,53.3125,0.5043531890557599,2,B
Wheelchair,2022,2022-06,Equipment,15021.777131782947,23,9,12813575.893410854,71.08333333333333,853,53.3125,0.5043531890557599,2,B
Wheelchair,2022,2022-07,Equipment,15021.777131782947,23,9,12813575.893410854,71.08333333333333,853,53.3125,0.5043531890557599,2,B
Wheelchair,2022,2022-08,Equipment,15021.777131782947,23,9,12813575.893410854,71.08333333333333,853,53.3125,0.5043531890557599,2,B
Wheelchair,2022,2022-09,Equipment,15021.777131782947,23,9,12813575.893410854,71.08333333333333,853,53.3125,0.5043531890557599,2,B
Wheelchair,2022,2022-10,Equipment,15021.777131782947,23,9,12813575.893410854,71.08333333333333,853,53.3125,0.5043531890557599,2,B
Wheelchair,2022,2022-11,Equipment,15021.777131782947,23,9,12813575.893410854,71.08333333333333,853,53.3125,0.5043531890557599,2,B
Wheelchair,2022,2022-12,Equipment,15021.777131782947,23,9,12813575.893410854,71.08333333333333,853,53.3125,0.5043531890557599,2,B
Wheelchair,2023,2023-01,Equipment,15021.777131782947,17,7,12468075.019379845,69.16666666666667,830,69.16666666666667,0.5043531890557599,2,B
Wheelchair,2023,2023-02,Equipment,15021.777131782947,17,7,12468075.019379845,69.16666666666667,830,69.16666666666667,0.5043531890557599,2,B
Wheelchair,2023,2023-03,Equipment,15021.777131782947,17,7,12468075.019379845,69.16666666666667,830,69.16666666666667,0.5043531890557599,2,B
Wheelchair,2023,2023-04,Equipment,15021.777131782947,17,7,12468075.019379845,69.16666666666667,830,69.16666666666667,0.5043531890557599,2,B
Wheelchair,2023,2023-05,Equipment,15021.777131782947,17,7,12468075.019379845,69.16666666666667,830,69.16666666666667,0.5043531890557599,2,B
Wheelchair,2023,2023-06,Equipment,15021.777131782947,17,7,12468075.019379845,69.16666666666667,830,69.16666666666667,0.5043531890557599,2,B
Wheelchair,2023,2023-07,Equipment,15021.777131782947,17,7,12468075.019379845,69.16666666666667,830,69.16666666666667,0.5043531890557599,2,B
Wheelchair,2023,2023-08,Equipment,15021.777131782947,17,7,12468075.019379845,69.16666666666667,830,69.16666666666667,0.5043531890557599,2,B
Wheelchair,2023,2023-09,Equipment,15021.777131782947,17,7,12468075.019379845,69.16666666666667,830,69.16666666666667,0.5043531890557599,2,B
Wheelchair,2023,2023-10,Equipment,15021.777131782947,17,7,12468075.019379845,69.16666666666667,830,69.16666666666667,0.5043531890557599,2,B
Wheelchair,2023,2023-11,Equipment,15021.777131782947,17,7,12468075.019379845,69.16666666666667,830,69.16666666666667,0.5043531890557599,2,B
Wheelchair,2023,2023-12,Equipment,15021.777131782947,17,7,12468075.019379845,69.16666666666667,830,69.16666666666667,0.5043531890557599,2,B
Wheelchair,2024,2024-01,Equipment,15021.777131782947,24,22,13805013.184108527,76.58333333333333,919,39.95652173913044,0.5043531890557599,2,B
Wheelchair,2024,2024-02,Equipment,15021.777131782947,24,22,13805013.184108527,76.58333333333333,919,39.95652173913044,0.5043531890557599,2,B
Wheelchair,2024,2024-03,Equipment,15021.777131782947,24,22,13805013.184108527,76.58333333333333,919,39.95652173913044,0.5043531890557599,2,B
Wheelchair,2024,2024-04,Equipment,15021.777131782947,24,22,13805013.184108527,76.58333333333333,919,39.95652173913044,0.5043531890557599,2,B
Wheelchair,2024,2024-05,Equipment,15021.777131782947,24,22,13805013.184108527,76.58333333333333,919,39.95652173913044,0.5043531890557599,2,B
Wheelchair,2024,2024-06,Equipment,15021.777131782947,24,22,13805013.184108527,76.58333333333333,919,39.95652173913044,0.5043531890557599,2,B
Wheelchair,2024,2024-07,Equipment,15021.777131782947,24,22,13805013.184108527,76.58333333333333,919,39.95652173913044,0.5043531890557599,2,B
Wheelchair,2024,2024-08,Equipment,15021.777131782947,24,22,13805013.184108527,76.58333333333333,919,39.95652173913044,0.5043531890557599,2,B
Wheelchair,2024,2024-09,Equipment,15021.777131782947,24,22,13805013.184108527,76.58333333333333,919,39.95652173913044,0.5043531890557599,2,B
Wheelchair,2024,2024-10,Equipment,15021.777131782947,24,22,13805013.184108527,76.58333333333333,919,39.95652173913044,0.5043531890557599,2,B
Wheelchair,2024,2024-11,Equipment,15021.777131782947,24,22,13805013.184108527,76.58333333333333,919,39.95652173913044,0.5043531890557599,2,B
Wheelchair,2024,2024-12,Equipment,15021.777131782947,24,22,13805013.184108527,76.58333333333333,919,39.95652173913044,0.5043531890557599,2,B
X-Ray-Machine,2022,2022-01,Equipment,3744346.202651515,1,1,677726662.6799242,15.083333333333334,181,181.0,0.5043531890557599,2,B
X-Ray-Machine,2022,2022-02,Equipment,3744346.202651515,1,1,677726662.6799242,15.083333333333334,181,181.0,0.5043531890557599,2,B
X-Ray-Machine,2022,2022-03,Equipment,3744346.202651515,1,1,677726662.6799242,15.083333333333334,181,181.0,0.5043531890557599,2,B
X-Ray-Machine,2022,2022-04,Equipment,3744346.202651515,1,1,677726662.6799242,15.083333333333334,181,181.0,0.5043531890557599,2,B
X-Ray-Machine,2022,2022-05,Equipment,3744346.202651515,1,1,677726662.6799242,15.083333333333334,181,181.0,0.5043531890557599,2,B
X-Ray-Machine,2022,2022-06,Equipment,3744346.202651515,1,1,677726662.6799242,15.083333333333334,181,181.0,0.5043531890557599,2,B
X-Ray-Machine,2022,2022-07,Equipment,3744346.202651515,1,1,677726662.6799242,15.083333333333334,181,181.0,0.5043531890557599,2,B
X-Ray-Machine,2022,2022-08,Equipment,3744346.202651515,1,1,677726662.6799242,15.083333333333334,181,181.0,0.5043531890557599,2,B
X-Ray-Machine,2022,2022-09,Equipment,3744346.202651515,1,1,677726662.6799242,15.083333333333334,181,181.0,0.5043531890557599,2,B
X-Ray-Machine,2022,2022-10,Equipment,3744346.202651515,1,1,677726662.6799242,15.083333333333334,181,181.0,0.5043531890557599,2,B
X-Ray-Machine,2022,2022-11,Equipment,3744346.202651515,1,1,677726662.6799242,15.083333333333334,181,181.0,0.5043531890557599,2,B
X-Ray-Machine,2022,2022-12,Equipment,3744346.202651515,1,1,677726662.6799242,15.083333333333334,181,181.0,0.5043531890557599,2,B
X-Ray-Machine,2023,2023-01,Equipment,3744346.202651515,9,5,685215355.0852273,15.25,183,26.142857142857142,0.5043531890557599,2,B
X-Ray-Machine,2023,2023-02,Equipment,3744346.202651515,9,5,685215355.0852273,15.25,183,26.142857142857142,0.5043531890557599,2,B
X-Ray-Machine,2023,2023-03,Equipment,3744346.202651515,9,5,685215355.0852273,15.25,183,26.142857142857142,0.5043531890557599,2,B
X-Ray-Machine,2023,2023-04,Equipment,3744346.202651515,9,5,685215355.0852273,15.25,183,26.142857142857142,0.5043531890557599,2,B
X-Ray-Machine,2023,2023-05,Equipment,3744346.202651515,9,5,685215355.0852273,15.25,183,26.142857142857142,0.5043531890557599,2,B
X-Ray-Machine,2023,2023-06,Equipment,3744346.202651515,9,5,685215355.0852273,15.25,183,26.142857142857142,0.5043531890557599,2,B
X-Ray-Machine,2023,2023-07,Equipment,3744346.202651515,9,5,685215355.0852273,15.25,183,26.142857142857142,0.5043531890557599,2,B
X-Ray-Machine,2023,2023-08,Equipment,3744346.202651515,9,5,685215355.0852273,15.25,183,26.142857142857142,0.5043531890557599,2,B
X-Ray-Machine,2023,2023-09,Equipment,3744346.202651515,9,5,685215355.0852273,15.25,183,26.142857142857142,0.5043531890557599,2,B
X-Ray-Machine,2023,2023-10,Equipment,3744346.202651515,9,5,685215355.0852273,15.25,183,26.142857142857142,0.5043531890557599,2,B
X-Ray-Machine,2023,2023-11,Equipment,3744346.202651515,9,5,685215355.0852273,15.25,183,26.142857142857142,0.5043531890557599,2,B
X-Ray-Machine,2023,2023-12,Equipment,3744346.202651515,9,5,685215355.0852273,15.25,183,26.142857142857142,0.5043531890557599,2,B
X-Ray-Machine,2024,2024-01,Equipment,3744346.202651515,5,8,584118007.6136364,13.0,156,24.0,0.5043531890557599,2,B
X-Ray-Machine,2024,2024-02,Equipment,3744346.202651515,5,8,584118007.6136364,13.0,156,24.0,0.5043531890557599,2,B
X-Ray-Machine,2024,2024-03,Equipment,3744346.202651515,5,8,584118007.6136364,13.0,156,24.0,0.5043531890557599,2,B
X-Ray-Machine,2024,2024-04,Equipment,3744346.202651515,5,8,584118007.6136364,13.0,156,24.0,0.5043531890557599,2,B
X-Ray-Machine,2024,2024-05,Equipment,3744346.202651515,5,8,584118007.6136364,13.0,156,24.0,0.5043531890557599,2,B
X-Ray-Machine,2024,2024-06,Equipment,3744346.202651515,5,8,584118007.6136364,13.0,156,24.0,0.5043531890557599,2,B
X-Ray-Machine,2024,2024-07,Equipment,3744346.202651515,5,8,584118007.6136364,13.0,156,24.0,0.5043531890557599,2,B
X-Ray-Machine,2024,2024-08,Equipment,3744346.202651515,5,8,584118007.6136364,13.0,156,24.0,0.5043531890557599,2,B
X-Ray-Machine,2024,2024-09,Equipment,3744346.202651515,5,8,584118007.6136364,13.0,156,24.0,0.5043531890557599,2,B
X-Ray-Machine,2024,2024-10,Equipment,3744346.202651515,5,8,584118007.6136364,13.0,156,24.0,0.5043531890557599,2,B
X-Ray-Machine,2024,2024-11,Equipment,3744346.202651515,5,8,584118007.6136364,13.0,156,24.0,0.5043531890557599,2,B
X-Ray-Machine,2024,2024-12,Equipment,3744346.202651515,5,8,584118007.6136364,13.0,156,24.0,0.5043531890557599,2,B
